page_name,page_load_time,bounce_rate,conversion_rate,revenue_per_conversion,device_type,traffic_source
Cart,9.38906454235251,71.63233880626822,1.4616312405402998,270.8230192162127,Mobile,Direct
Blog,6.086198652302881,7.208433599867337,12.446865292344922,60.599854348773725,Tablet,Social Media
Checkout,7.26985741489203,7.12567277652586,19.62355673524589,94.53669970371742,Desktop,Social Media
Blog,9.302494430595662,1.210847523488745,3.8021529956745526,288.3074056848794,Desktop,Organic Search
Blog,7.3651477088205874,95.65013982994802,15.851902325767666,155.2152306215113,Tablet,Social Media
Product Page,2.3728513862283522,73.75083594590069,18.15797587559239,469.77470703914486,Tablet,Organic Search
Checkout,6.186595241501319,35.32514085020642,18.874031856404414,411.1827124471849,Tablet,Social Media
Checkout,6.460435417445703,29.65355812876552,19.202712088108946,491.94793119169486,Mobile,Paid Ads
Checkout,4.817176041721474,34.97032297458495,10.429192774429438,137.23871108570285,Desktop,Paid Ads
Blog,7.627998120622506,77.46535311811819,19.546158159830075,485.16458007100874,Tablet,Organic Search
Cart,9.409303132921133,66.13706110704143,15.146204142688777,221.30459619786336,Desktop,Direct
Checkout,9.330116616160987,18.519556786746794,3.233428724739238,180.28420970373978,Mobile,Paid Ads
Blog,5.057554342637189,17.410933533408436,9.5380021293594,34.67126821498309,Mobile,Organic Search
Product Page,2.019142412566797,9.839564971339732,14.36662350744008,35.85497635120528,Mobile,Social Media
Cart,9.863570790661012,66.03027197013381,4.946806316381666,349.0855154138608,Mobile,Social Media
Product Page,8.550082778013408,76.43726622217359,12.812303670977748,234.38520727267368,Desktop,Organic Search
Cart,2.1219641308294017,26.5046428325004,13.332009580932384,120.9955967576918,Mobile,Direct
Blog,9.28757694355635,2.094496103091281,3.2539948761713178,310.845450099364,Mobile,Organic Search
Home,8.829067258559155,8.217166747642734,11.301706249055126,133.90047794255446,Tablet,Organic Search
Cart,5.669542514134649,96.78600348450304,15.432538219572153,293.03955962876705,Mobile,Paid Ads
Product Page,6.321478921704363,29.544477747742025,9.977913290718838,186.01228602151826,Tablet,Organic Search
Blog,4.591024334831173,76.92231478381336,0.2420623355221485,413.5405910397913,Mobile,Organic Search
Cart,1.492854749398282,62.46635688542638,0.18076938158584355,412.14111877572185,Mobile,Social Media
Home,4.016775174813109,38.19396396528959,7.140586879400244,243.90169507997663,Tablet,Paid Ads
Home,8.225681037382103,20.56872621955551,18.52388136863564,181.90136357415764,Mobile,Social Media
Checkout,1.0416882070414257,12.138641815940643,4.573535592072176,187.65430031395633,Desktop,Social Media
Checkout,4.001492545220298,61.50129680388666,12.687273777433743,404.80011757742676,Desktop,Direct
Product Page,4.58351824231849,77.4633780637788,4.4415174138664115,170.80794657082987,Mobile,Direct
Cart,5.836560426441306,64.39042535411306,6.433399793190972,112.43909311635456,Desktop,Paid Ads
Cart,9.278700547714845,53.030213324915835,16.96084179202968,51.49728751890034,Tablet,Paid Ads
Checkout,4.1171139492936515,4.195122343163627,14.577228845398938,238.67962923336012,Mobile,Direct
Cart,4.122578817066049,96.84887775943838,1.9079855462642126,246.24472847072252,Mobile,Direct
Cart,7.637511232987736,79.87141916545745,8.574040419728671,422.0452680974245,Tablet,Direct
Home,5.069961468008264,29.282203670096475,0.5833952729052894,118.40696125857134,Tablet,Direct
Checkout,3.021443406459838,97.99703293588506,9.61780293206018,196.68572409751596,Tablet,Direct
Blog,5.07195564519424,60.18815896363221,13.24868023402136,406.11881205790854,Mobile,Social Media
Checkout,2.2677131834181985,58.24226582072465,2.370052471963031,413.57556926699704,Tablet,Paid Ads
Blog,2.58748287855601,74.8073179429532,5.777698778183313,198.45942722959643,Tablet,Social Media
Home,5.4853099546553175,81.17697880901376,7.956732510043139,234.97077141047365,Desktop,Social Media
Product Page,4.770329045540931,65.64786073315027,18.390620493120995,158.61008651614864,Desktop,Organic Search
Cart,9.2336131096129,12.809574636620003,19.86510030845928,466.9518904254629,Mobile,Social Media
Home,4.261545092049698,33.82675059944984,0.8982259799123171,68.13544521337435,Desktop,Direct
Cart,6.225295152502391,92.80836403260497,15.22015846990784,467.5372172707203,Desktop,Direct
Product Page,6.690378591275773,22.461561184385193,7.434481328046864,345.0945613993182,Tablet,Organic Search
Product Page,1.1178501092950026,37.21670238375133,7.849163724589601,270.4703548164983,Tablet,Organic Search
Home,6.971836348150395,43.2076882944196,15.085299466940453,26.00293978440298,Desktop,Organic Search
Product Page,2.6023237018277627,43.940498969445215,18.368528642908174,243.04213399278407,Desktop,Organic Search
Blog,9.649632857225097,61.29395824945255,19.018571890050968,209.79657145133882,Desktop,Organic Search
Product Page,2.3379645497780164,94.30758377447076,11.542451720766415,88.99721786781005,Mobile,Social Media
Cart,4.731617113543214,24.069271183250496,7.142423186010056,331.6407057153219,Mobile,Organic Search
Cart,1.7681470127077947,12.150137630091805,15.750981717175584,485.86394461046007,Mobile,Social Media
Cart,9.971868266613527,19.747048985993732,5.020027665246005,285.4725174216173,Desktop,Paid Ads
Cart,5.519755092981184,88.69249002092695,11.281480576670354,360.2291054575335,Desktop,Organic Search
Blog,6.358465155880394,64.5810812655206,7.171569230497463,43.54072175734822,Mobile,Organic Search
Checkout,1.6036882964958474,28.590678923916013,13.132621474157522,214.65682795032743,Mobile,Social Media
Home,7.7496442335926,81.59469389686173,4.807978257870138,67.01565773060298,Desktop,Paid Ads
Cart,2.889150337860272,86.1369996363436,3.8318589146965154,310.2699594128901,Tablet,Social Media
Product Page,9.082488604966423,84.6514338690278,18.364781733508742,469.85625752493576,Mobile,Social Media
Cart,2.8462567643380643,91.89265336395545,2.036073658990738,334.2710889111029,Desktop,Organic Search
Product Page,2.716189485972999,25.224102017336158,10.119158154698633,47.63349367406655,Desktop,Direct
Product Page,1.328947010632854,75.50419287462783,4.417055659260178,183.78644044269058,Tablet,Direct
Cart,5.248602505989993,46.053949727414,0.778599266513349,279.8250559260172,Desktop,Social Media
Blog,6.083570199363548,84.19985528900615,0.7203763658285278,207.5718005052936,Desktop,Organic Search
Product Page,1.5913777548551713,72.84906771616131,3.504435442116547,418.48556513283444,Mobile,Paid Ads
Product Page,7.9797485502550956,77.64474464997247,17.335407090120004,409.1887923078947,Mobile,Direct
Cart,5.079599512732249,65.61618376810715,5.649574879540533,309.7971998505785,Tablet,Paid Ads
Product Page,5.7195124239482205,17.742876946970686,19.009183411505916,192.99439311502556,Tablet,Direct
Product Page,4.966864722444053,54.502691889693835,11.632445859783871,135.1148231439896,Desktop,Organic Search
Cart,4.606867547877934,98.46697395245081,8.732283795375322,61.87841592443336,Mobile,Social Media
Cart,6.036762981773961,93.73880664971189,11.601776693389091,183.89986490841147,Tablet,Paid Ads
Home,2.3971622133764123,4.317373579701167,10.333967704525355,212.45453343178258,Tablet,Paid Ads
Blog,2.63735317445744,16.481481572943714,15.175525075146503,341.1532333009961,Tablet,Social Media
Blog,8.756070589121656,13.172877345456191,5.649921319457045,332.498313905811,Desktop,Paid Ads
Product Page,9.515039159202695,72.59799099852955,7.061007832006048,44.35298842421591,Mobile,Direct
Blog,4.359783846517777,81.77853298569451,17.881886050665013,203.67706456126731,Tablet,Social Media
Product Page,3.436702058291984,21.35113663106719,18.92913026300811,99.07164493650734,Mobile,Direct
Home,6.795995889151142,50.5852692951829,17.85116454972949,86.83822560523478,Tablet,Direct
Cart,4.678607539882868,84.07030280112,8.388959879146272,415.3780533712505,Tablet,Organic Search
Cart,1.2284772009431038,73.28015447662506,15.607310060137634,30.53845619096619,Mobile,Direct
Cart,2.4053733762957132,54.223720549184826,9.526714666021975,215.39960919203946,Mobile,Organic Search
Blog,7.443750059626578,59.03476904587729,9.950797042922044,92.41979132559392,Mobile,Paid Ads
Home,6.930315477191362,50.83605469162799,4.093602181145679,440.87180568245225,Desktop,Paid Ads
Blog,1.2438639325313514,29.754845131882057,11.82260606517033,282.9498515047672,Tablet,Organic Search
Blog,2.997749457396545,56.50219928590161,3.7227179550669587,123.37651182465554,Desktop,Direct
Home,3.0796731692926427,68.88853020500906,6.631293981343875,256.1893707115245,Mobile,Social Media
Home,7.047034692388555,87.33229158608077,17.100604032398703,368.42831625452675,Tablet,Social Media
Home,1.1773948397892773,63.629135397924806,4.141516184217105,479.47782437052257,Desktop,Organic Search
Home,1.9369772378611647,76.1121537043158,1.4231657034686562,118.01854208025527,Tablet,Paid Ads
Cart,8.199244768358703,16.0071634954573,1.380151852256326,444.2290683433791,Desktop,Paid Ads
Checkout,2.6069019584890025,46.15574744197899,18.815690410062157,467.80901594207023,Mobile,Social Media
Checkout,6.874714970666872,0.9331619827093296,10.138408759236693,459.04606682071244,Desktop,Organic Search
Home,3.1436450294205387,24.667886452162303,8.188241436340366,321.35303486233585,Tablet,Social Media
Checkout,1.8949725348341064,72.64617151130048,16.217571620158367,318.61212067300676,Tablet,Direct
Checkout,3.1885497189950867,99.18099513493634,16.71651855821032,207.57321026007315,Tablet,Direct
Home,7.500402386700932,9.917809958721591,6.643820662312092,378.67496232885605,Tablet,Organic Search
Checkout,8.701268212956572,40.14943158612883,13.872361149475905,270.33406899195666,Mobile,Organic Search
Blog,8.471978781102925,80.00709686991596,15.422456317037732,341.9446549018643,Desktop,Direct
Product Page,4.5746517665660935,20.403563462889885,13.09301373731909,219.94437288590976,Mobile,Paid Ads
Product Page,7.012766229135815,55.50849493022862,3.0319014960019874,368.43326738113814,Mobile,Organic Search
Home,2.844858658742389,73.30712960296748,17.51766167034114,413.99104362622904,Mobile,Direct
Cart,3.6383295723491194,61.5985450260179,10.781891054720173,81.7537657353799,Tablet,Direct
Home,9.067022366690077,18.802473461541613,5.649448527400073,418.13556063137173,Tablet,Paid Ads
Cart,1.1170173115966242,35.538456868573945,8.504563708753878,274.74530057725053,Tablet,Paid Ads
Product Page,1.7695767776902127,78.37917844853972,0.7514218079781476,423.8862954542099,Desktop,Paid Ads
Home,2.870976296314246,55.42265141320166,2.557336024448351,221.33783610709716,Tablet,Paid Ads
Blog,1.2387898348643773,0.5229613542912737,15.310935010317216,195.72983783768717,Desktop,Social Media
Checkout,2.632918915808176,76.09907600280938,0.00023269510732282228,458.379758933439,Tablet,Paid Ads
Cart,6.247374048727229,3.531135494023907,8.331316569645843,133.07294109871663,Tablet,Social Media
Checkout,4.792820955332481,74.57337827312321,10.450203621711768,423.6640393902101,Mobile,Organic Search
Checkout,9.034045399692774,20.24805601652374,1.092688400019446,247.17008052960801,Mobile,Direct
Home,8.356992055645968,95.80734801193802,19.461563259446656,261.90676685011726,Mobile,Social Media
Checkout,4.076356165280884,36.79407513020845,4.522506624993438,161.14945792984716,Desktop,Organic Search
Blog,3.3348109008816325,32.69316163380791,6.083974392725617,290.7906783033177,Desktop,Organic Search
Checkout,4.417231673505402,14.888805033244468,6.078850245100547,169.35348617534353,Tablet,Social Media
Home,6.31265448263327,30.560421549021488,4.608333242346998,29.242012978409633,Desktop,Organic Search
Blog,3.4125727674058863,87.66507618282006,0.02947644172622832,143.27931661873447,Tablet,Organic Search
Product Page,6.617340170642207,99.63343376272474,14.586895881759927,13.125731269229433,Desktop,Social Media
Checkout,4.684704869721164,36.83095305068483,19.336909995985707,489.39384565785974,Desktop,Organic Search
Home,5.968424627667822,44.861063095454256,4.485869665700902,483.2161328116763,Desktop,Paid Ads
Product Page,4.92513876221785,72.2070938202737,13.26094383606845,203.62609576142947,Mobile,Paid Ads
Product Page,3.650191835877259,88.61957804650746,14.837926539174301,366.90171862642654,Desktop,Direct
Cart,9.53607976265941,59.304433418678414,16.968507581810496,179.44498822110825,Mobile,Organic Search
Blog,7.872452147437848,39.15256981778293,8.452583940272183,338.83564697212825,Mobile,Direct
Checkout,2.261018581898073,41.262184084862376,6.058618112808585,404.66072109252974,Desktop,Paid Ads
Home,8.816211783081215,69.56181464968068,6.505902680460622,473.91055989919795,Tablet,Paid Ads
Cart,5.386880784245623,0.32182636042786816,14.252426661970256,206.10401516633928,Tablet,Paid Ads
Blog,9.050970042046822,61.95893374598407,16.33558933011272,393.81601164846336,Tablet,Organic Search
Cart,8.198697303525837,35.54930104413574,3.632279355132053,140.3049408097382,Desktop,Organic Search
Blog,4.8269215402231005,79.41973312770843,7.418820163155305,495.2628288588877,Tablet,Paid Ads
Blog,1.2022237748810567,9.299063982313216,18.038803934983,22.62710339453206,Mobile,Direct
Checkout,3.4180962344645147,58.82022669483905,16.133870393894785,305.7291151855493,Tablet,Direct
Blog,5.874707931947802,48.09728898861238,19.697168055249517,333.1579310091503,Desktop,Social Media
Cart,6.701303978435325,64.23255259052274,15.084965193641615,347.14232296632315,Tablet,Paid Ads
Blog,3.3209891688988207,6.485359448296835,7.863904020558445,68.98991360665362,Mobile,Direct
Checkout,2.254204666655417,57.99837874281313,11.812756679892756,469.8795939018339,Desktop,Paid Ads
Checkout,8.514372131193692,56.14845879595237,13.220285084946406,98.77980673454057,Tablet,Direct
Cart,9.85961962633197,56.06600944161709,1.569116326342479,315.14916758752213,Desktop,Social Media
Product Page,5.731211640724172,60.34876665964548,10.889939182077303,119.11127877031163,Desktop,Social Media
Product Page,2.5451135726347314,67.64679372263622,14.186416569452192,160.53604434042273,Desktop,Paid Ads
Blog,3.4507659386743206,80.49889996807697,3.3464260800212076,277.76468544678096,Tablet,Direct
Home,1.1655160889272005,26.982072012821433,15.612634348511143,214.42477509664246,Desktop,Organic Search
Blog,9.228689259044492,82.5049410180062,11.675455610282233,88.51054447848809,Tablet,Social Media
Cart,2.05975974601127,49.82556822634536,19.04443571395189,93.75883718621566,Mobile,Paid Ads
Cart,6.188648279628282,7.705827913433117,0.8484459641378339,214.89094619977183,Tablet,Paid Ads
Cart,3.466496986184854,5.85509292439792,5.306522751109339,381.06865935499536,Mobile,Direct
Cart,5.9876020226421405,33.42383186960608,12.031077585996481,450.0026769554164,Tablet,Paid Ads
Cart,6.862783495166778,78.48969771114676,5.9311982441186135,51.22255450709759,Desktop,Social Media
Checkout,8.467676233364815,70.76809347409157,14.288483281424844,202.62091470410653,Tablet,Paid Ads
Product Page,2.8577914458454288,78.86149646724064,15.18010565043862,59.12032622420955,Desktop,Paid Ads
Cart,1.0989624579263242,51.72690564416094,2.050319281329489,18.130315509972963,Mobile,Organic Search
Home,2.2319706706192655,44.01989979554906,10.277089284135354,334.2421544955387,Tablet,Organic Search
Home,9.100167776632945,14.745252670628394,10.177811111821118,305.200226563628,Desktop,Social Media
Home,8.865010698062637,32.81927536093116,7.385615404310821,89.87936576929424,Mobile,Direct
Home,6.376717919532775,43.40193661738753,18.65849725139344,124.56828821560141,Mobile,Organic Search
Checkout,6.40465174390288,8.860042967961723,16.550126397464425,21.616799285814007,Tablet,Direct
Home,6.9853300709163,22.061195271121125,13.944187638192735,419.1241307902578,Mobile,Social Media
Cart,2.5783415076110465,59.82252940637388,14.286532714699952,487.59839206379024,Desktop,Organic Search
Blog,9.229707513324637,73.56631142391899,9.234322876262382,76.3751730293985,Mobile,Direct
Home,4.768934724028658,99.83475113929497,18.419890421931516,123.42285474499607,Mobile,Organic Search
Checkout,4.448246754245477,93.31133313435576,13.891908545065707,435.5206667339977,Desktop,Social Media
Checkout,5.670259347545538,64.25651995351916,14.57962123311633,463.96726099853055,Mobile,Social Media
Home,1.4226937009754954,42.1248053294072,17.233818075746903,215.61741757533707,Mobile,Organic Search
Blog,2.4965503188047147,63.617736470823274,5.48143178684382,34.80501141184632,Mobile,Direct
Home,7.642302547837334,78.56516180802319,16.14141807733406,29.301998509481507,Mobile,Paid Ads
Checkout,1.7451880113261382,11.833619092338733,3.9048120591298408,291.2354343738151,Desktop,Paid Ads
Product Page,6.428368985197494,40.99048896962883,6.906839044897756,202.51860335765772,Mobile,Organic Search
Cart,3.2081419871318886,83.98022856356172,6.712209085396854,24.03968951305071,Desktop,Direct
Checkout,4.503660526377789,38.3832951933044,19.57050936778281,295.7936722331528,Mobile,Paid Ads
Home,3.598243630936299,57.18722712271865,17.130744474958536,15.538242928621012,Mobile,Social Media
Cart,4.201054448184542,58.77693608621982,14.023397231805195,395.81225949314376,Mobile,Direct
Home,7.471413146658209,18.447625313363936,14.541135232307802,160.15208312465208,Mobile,Paid Ads
Home,3.6740954406085753,36.22354416522884,11.241455888051421,29.72642147452373,Desktop,Direct
Product Page,6.097641762672074,33.451128874193216,18.94181334217038,298.2925882817451,Desktop,Organic Search
Cart,5.284453619791897,2.6196708532064794,9.92517505764723,204.8653630721968,Desktop,Direct
Cart,6.973040488263833,2.4191763891355245,7.610354197397891,487.16220254500325,Tablet,Paid Ads
Product Page,9.431467653922821,83.16970436757735,3.26070673863182,276.65734462681405,Mobile,Organic Search
Checkout,7.593148874892252,27.30708099728124,15.72411304522116,144.86719870813405,Mobile,Direct
Home,2.934463407316811,51.80787662388154,14.68887864151183,357.62504367064764,Desktop,Social Media
Blog,1.2806482155515622,29.872557358877305,7.687100770482697,143.03108124592856,Tablet,Paid Ads
Home,3.360376398698426,94.06792451153404,0.5038682791845872,453.0792127897069,Mobile,Organic Search
Home,6.355701376302293,25.929675886577375,16.779946554360215,193.61376554861445,Desktop,Direct
Checkout,1.462832321358253,42.96568127389351,0.22835966908147265,279.43559576034056,Mobile,Social Media
Home,5.467296224811127,87.27302504846018,14.073995592581019,34.780820873872145,Mobile,Paid Ads
Product Page,6.371585640252003,84.19335667918087,19.40514219452114,218.7994065965931,Desktop,Social Media
Product Page,4.008195017352648,18.610141784627732,8.75322656296407,417.8581344338875,Desktop,Direct
Cart,7.938209833712397,80.26433097957104,4.699468099919056,404.76791462803754,Mobile,Direct
Blog,1.9593842782039461,45.81868867378927,14.097420200867635,119.91609383822787,Mobile,Organic Search
Home,1.6762400356222789,48.29688720853552,16.342562840311704,120.77874479517571,Desktop,Social Media
Home,7.55369880583243,13.347997241594378,10.928606321556947,410.479602984486,Mobile,Organic Search
Checkout,5.459421845855786,8.060151375712465,19.340705505122923,465.8952258829695,Mobile,Paid Ads
Product Page,7.195621567849624,72.79393069737652,1.033374433159222,56.72685142377174,Desktop,Organic Search
Blog,4.913446047433716,49.646115235529976,10.095911966090563,230.52873331885039,Mobile,Paid Ads
Cart,3.2176182991519613,43.68507026151796,14.369078946451001,175.3525966924722,Mobile,Direct
Product Page,8.371920859067798,72.95082286523967,17.252809422983578,436.63734317414526,Tablet,Direct
Cart,8.194742910720812,76.55128989911097,3.585112238155801,50.9272081932092,Desktop,Social Media
Checkout,7.252268237689841,15.890816766935355,16.00006963527363,113.45171185343833,Tablet,Paid Ads
Checkout,3.449306235069664,61.02251494776413,11.054141514370905,378.7094854173822,Tablet,Direct
Home,6.312076001821784,13.535408227768553,7.931073639799264,35.13398600079564,Tablet,Social Media
Blog,4.248765072460241,75.13750860290457,2.6343005715818713,251.34233655000173,Mobile,Social Media
Cart,1.8242386599397074,65.69551562671396,17.30591517817825,226.6324469930628,Mobile,Organic Search
Product Page,9.255822179160186,95.6614621083458,3.145464163594307,173.85657770448685,Tablet,Social Media
Checkout,2.2313676782706526,6.895801635642118,6.195757184181985,203.34043450627266,Tablet,Direct
Home,9.552136184387223,5.705472115125431,5.8009106392487375,269.6708875958141,Tablet,Organic Search
Home,5.014051956621602,28.218707469320016,17.428280683817086,89.07000561030773,Mobile,Paid Ads
Cart,2.666196359547577,26.170568373590598,13.45405988417796,290.27798035896046,Tablet,Paid Ads
Checkout,5.877108526405223,24.697879907199983,15.933627943827446,404.6618413569933,Tablet,Direct
Blog,8.856512522887675,90.62545805210367,5.00935797584998,382.4788555971779,Desktop,Direct
Checkout,7.590023977686051,24.95461998495061,12.497481992139978,85.4109532999491,Desktop,Organic Search
Cart,8.259050330753048,27.1949726128631,11.434919662874973,83.13224017332222,Mobile,Organic Search
Cart,6.929050300396456,75.93982624179637,16.65660753576542,141.40544019500751,Desktop,Direct
Checkout,7.230489080660672,44.973984245054,18.12174120962521,186.92661590710824,Desktop,Direct
Cart,8.642760864087872,77.67105569551812,0.24313542954773615,210.14323489015646,Desktop,Paid Ads
Checkout,3.2470120797326736,6.536615756438524,13.480398381175853,343.0516362483392,Mobile,Paid Ads
Product Page,5.404824672788264,48.75711936733843,1.0367159823945804,37.77341176125935,Desktop,Paid Ads
Checkout,2.99088497637642,3.3613600183282633,10.977173301547118,26.98962507077253,Mobile,Direct
Checkout,9.889012071969823,6.265320345535452,5.752654580873564,202.03617584251543,Tablet,Social Media
Cart,9.49653405717952,90.64374533444109,6.135531990442824,351.6102091476104,Desktop,Direct
Cart,1.354841302316553,13.924537111759516,7.0591700690471315,104.78331804867646,Mobile,Direct
Home,7.350176552641196,53.24206822752171,12.425848980992203,324.33719581556335,Desktop,Paid Ads
Home,9.327234856740992,41.10956026007065,6.680999313375384,137.31578759074674,Tablet,Direct
Product Page,2.6251781061460018,34.73433262588427,14.653981011805609,444.18219331862304,Mobile,Organic Search
Home,6.111507074973665,89.98333456872724,8.090547711477393,448.8880726906421,Mobile,Direct
Checkout,9.239394678292376,2.18233967754895,1.3670640061991723,155.67073009784997,Mobile,Direct
Cart,1.3055138072721895,66.37896861755891,15.675196849682145,122.69693944198785,Tablet,Direct
Home,7.276782405221559,96.33944342135504,5.71516649185412,211.5389463124533,Tablet,Direct
Home,3.676141066352957,56.016818346184195,8.655337591985253,127.86047673827288,Tablet,Social Media
Product Page,9.319565758388773,93.68224620330918,13.708877664438031,339.4680832129348,Mobile,Direct
Product Page,9.73952420648831,5.225787928602377,6.64912314297424,414.7716954286599,Tablet,Organic Search
Checkout,9.498398402020905,41.87933190741614,1.1317131229343125,339.8151441464963,Desktop,Organic Search
Cart,5.267927949917174,26.015779096205115,7.478420940256272,413.93171915218124,Tablet,Direct
Product Page,8.758383858903821,73.08209649807299,18.888971653886067,204.52615948166232,Mobile,Paid Ads
Home,8.600944586815633,98.12970904972467,12.834687945971163,86.59531564734182,Desktop,Social Media
Cart,3.871904259189301,25.65300624442478,13.42958297334414,371.59596422482014,Tablet,Direct
Cart,8.460239267356096,65.41746014740745,12.645643072752797,186.6325075193614,Desktop,Direct
Home,1.3330687124394336,19.809763275974014,3.979842779188736,338.92270436227494,Desktop,Direct
Product Page,6.366428906338477,56.53302545716099,8.366677282045602,142.6155315710652,Mobile,Paid Ads
Home,3.0700795355893273,46.39324866883362,15.018795967266366,49.80252105526961,Desktop,Paid Ads
Cart,2.0851019719955093,97.2005329631537,2.027457951063183,496.365079789004,Desktop,Paid Ads
Blog,1.6925788146628824,60.85272726964666,5.557055521794245,86.53873888599365,Mobile,Social Media
Blog,7.266598982903258,34.950637208681876,5.526382169317072,494.3262870421057,Mobile,Organic Search
Checkout,4.058874673912595,11.409578488793336,8.64037855189012,488.86716695755916,Mobile,Social Media
Home,7.522900943758853,15.124682873493455,19.607374818843702,398.97087091493944,Desktop,Paid Ads
Home,1.5882070671904813,22.53169299512351,1.3500509336764388,333.11725142017883,Desktop,Organic Search
Checkout,3.837613040475493,25.0966661340298,10.374019887611901,293.1254546230315,Desktop,Organic Search
Checkout,5.855421631378035,85.06160578411378,3.587293640244209,434.389757235139,Mobile,Paid Ads
Checkout,8.116508483550671,56.12227882825249,19.413530908194883,151.8253655935491,Tablet,Paid Ads
Cart,3.8687725263886295,52.33909113743665,2.266070094549284,239.16379411758976,Desktop,Social Media
Home,6.633022387933082,11.476887186921747,8.072020047231824,313.50108498958593,Tablet,Paid Ads
Cart,8.973799734125684,86.0139693349435,14.757699696692123,211.48333317605062,Mobile,Organic Search
Checkout,6.542768693640741,72.28143032084837,14.091088560548906,219.4683625042313,Desktop,Direct
Home,3.096635272782704,6.766836190000158,8.454572737878646,171.83948707602136,Tablet,Paid Ads
Cart,1.2196070340088423,70.78350972297687,6.930483359054365,286.47359017542266,Desktop,Paid Ads
Cart,8.830889865108368,54.353821734264606,7.952247571057411,426.7815187274068,Desktop,Social Media
Checkout,1.1914246976534844,8.172534574677826,5.285525263172786,108.74890522309329,Desktop,Social Media
Home,8.872315054157795,45.830064152865646,4.106658774135996,467.87218898918627,Tablet,Paid Ads
Checkout,5.760434206244907,48.469628713004695,9.6607939511778,347.65295033663256,Mobile,Organic Search
Home,9.451609286616065,16.577454016327575,5.370675121352146,413.4038742132148,Desktop,Organic Search
Blog,8.189049121962988,94.56981470002823,5.749233297945002,282.5334393887057,Mobile,Direct
Product Page,9.981406994800038,84.99753714806619,13.13512126949114,391.9631836977911,Mobile,Paid Ads
Product Page,4.156406339065391,66.90223373291083,19.370746633997843,17.938194696338932,Tablet,Social Media
Product Page,7.904694600380142,46.22955610006072,12.072744011187503,411.00640814197226,Tablet,Organic Search
Checkout,4.617378222483179,41.17655415845085,1.5395893412993256,29.668040951829592,Mobile,Direct
Blog,5.318880582735179,65.09734671509541,1.5116722770813396,446.05755441780263,Desktop,Paid Ads
Home,6.64754916896533,54.543186940690546,19.02846441691132,496.0617461469352,Tablet,Organic Search
Cart,8.863094027677048,6.227310588188562,5.945815806146673,154.09305646662114,Desktop,Paid Ads
Home,9.856751222793656,51.25026487703317,1.8413397216495087,113.0560925800389,Desktop,Paid Ads
Cart,7.914460724780664,80.64036172328395,11.980891743007632,385.0280482904399,Desktop,Organic Search
Home,4.759901039506004,45.923987759695805,12.472975565805323,133.9829070509241,Mobile,Organic Search
Blog,4.792213020493632,5.195657755426842,12.970096402373763,434.1255677543797,Desktop,Organic Search
Cart,7.638240714300023,78.6278199384033,5.348040557150826,60.392870157163586,Mobile,Paid Ads
Checkout,3.148994311914721,20.13637821359744,0.3022136842895007,71.71804622588554,Mobile,Paid Ads
Home,1.994267018182552,25.862083488803876,19.300307389089436,489.78426199930163,Desktop,Direct
Home,4.191599418766989,16.47063534322959,5.01786091382205,340.1810601523023,Desktop,Social Media
Cart,3.5851509248867357,33.02150648714976,13.52052576105095,424.9747399701869,Desktop,Paid Ads
Checkout,3.6667730841039106,75.6751505688635,14.132597397574191,168.92139490224383,Desktop,Social Media
Checkout,3.1024697594491895,51.93858595039374,12.200148341589713,341.47703726509616,Mobile,Organic Search
Blog,1.378838706727257,20.488127415071254,6.258147884272964,301.17849538121266,Desktop,Paid Ads
Checkout,1.1608654126007243,87.78300781520409,5.421925075281315,305.54355886024405,Desktop,Direct
Checkout,9.889501507624283,87.95818549515292,11.953365654054062,344.44090517348354,Mobile,Direct
Checkout,4.849958203622761,87.05784250460069,17.32191267223383,291.9259948332583,Tablet,Social Media
Product Page,4.4589398244371345,23.87962113815393,18.934674578467913,220.2405609583063,Tablet,Organic Search
Blog,7.116825544237629,45.12393441809881,2.1181160880751526,145.20212024646796,Mobile,Social Media
Home,2.9642849907855773,98.49896561408751,3.096572251954397,386.604852147469,Tablet,Organic Search
Cart,9.549650655552028,77.20124763099903,18.89472517566159,120.87349070156124,Mobile,Direct
Home,8.07710512973997,2.716742122555982,14.730704566695852,349.25361001566296,Desktop,Social Media
Blog,1.8046990208103355,6.5204591260492055,17.659876496595462,124.33308309817005,Desktop,Direct
Cart,4.758226982064356,46.39313768123328,4.052652682706864,316.4117832776824,Tablet,Direct
Blog,8.912064768059482,90.92202058615601,11.751717422188037,376.0683508932242,Desktop,Organic Search
Checkout,9.502588200622693,53.870179795271426,14.022791888349474,117.16980556420421,Tablet,Social Media
Cart,5.2066136012488275,49.781250803429025,13.602237708939453,39.37221742204106,Tablet,Social Media
Checkout,6.520702502896369,10.547369995663058,8.163033817333963,74.1771340671453,Desktop,Direct
Home,2.503305514828677,65.6780104724294,0.30789783382616953,306.93851396280246,Desktop,Direct
Home,9.92051763523279,82.21031606002255,11.658521136085263,426.2287390506104,Tablet,Organic Search
Cart,3.0850453124509905,38.04200075075623,5.062030783592175,32.04844240535794,Desktop,Paid Ads
Cart,9.48458596721613,77.56118509253275,9.005084922857806,369.7341169304067,Mobile,Paid Ads
Blog,6.846819840931316,96.44766539008116,19.151620301676346,177.24613651552554,Desktop,Direct
Blog,6.469631153909732,20.376645912768907,7.980706352848694,244.47890126056603,Desktop,Paid Ads
Checkout,5.614196599148578,52.33296311947413,16.796032133288534,465.14117942432716,Mobile,Paid Ads
Cart,3.076028305459828,28.713795808457554,3.7708121149850227,172.66603732056427,Desktop,Paid Ads
Home,2.5887522880495744,79.28544190338394,13.449209960500577,238.01509763034818,Desktop,Paid Ads
Blog,2.9843758816315784,57.75933658811575,19.54013908877887,16.70438323273374,Tablet,Direct
Blog,2.6779443592982908,63.45824175503038,2.037862017458736,49.9833728023708,Desktop,Paid Ads
Home,8.01626026210078,79.79141596158941,0.16639884454384024,136.70987965604417,Desktop,Paid Ads
Blog,4.151127332500571,39.59704726624549,8.671655852652286,23.647598002326458,Mobile,Organic Search
Checkout,1.5205840890705673,91.50900684070432,1.852509661027344,319.373909763643,Tablet,Direct
Cart,9.721923671267302,53.302886724614,14.967686993524627,218.93519483279505,Tablet,Social Media
Home,8.954072964670832,15.7954822835348,18.29097327697118,278.5911493367308,Tablet,Social Media
Cart,9.349770548756917,69.58991181688025,8.680419454175176,95.57712108920148,Desktop,Organic Search
Blog,9.954170403817917,79.32613504382545,5.174232843108819,155.0066944239419,Tablet,Organic Search
Blog,2.5650572429753855,31.67616770675267,8.688066380132195,335.2739926778353,Mobile,Direct
Home,4.566178170123929,85.7179256998753,14.468956357000021,482.99833457889594,Tablet,Social Media
Checkout,7.824146281336822,90.61432547657664,0.18108323160741957,34.704219065082505,Mobile,Paid Ads
Product Page,7.26418556248413,27.690448737780894,11.789079789693943,446.2883172190804,Tablet,Organic Search
Home,2.3850631570586955,98.3521472715222,12.265833697747581,292.6717886424921,Tablet,Social Media
Product Page,8.34249812491556,14.071152804875842,12.75376493791871,286.3205877102556,Mobile,Direct
Product Page,3.019965146529946,20.201566840248997,4.840441599617544,255.13648225180256,Tablet,Paid Ads
Checkout,3.0143585334036076,18.422483923802613,14.281054467562535,44.00310209304986,Tablet,Direct
Product Page,5.832769806040722,89.39897100078704,1.8278297266355281,54.03965735071873,Tablet,Organic Search
Product Page,6.336459413575328,65.42925523249619,3.9854067293360163,304.44688277295216,Desktop,Social Media
Checkout,6.220775870540301,15.210428322227287,17.54940093308964,177.06970000342358,Mobile,Social Media
Product Page,1.8233815365797938,44.032341836834895,14.774463014531328,459.46135262306353,Tablet,Social Media
Product Page,8.897147763673424,61.529802506980204,0.274911080226905,209.2293633061414,Mobile,Social Media
Product Page,3.3904003832983545,8.34640849893833,4.967525207396005,80.20791476429413,Mobile,Paid Ads
Home,2.1656342915452376,88.24163684073388,4.288129659863291,360.21222841599763,Mobile,Paid Ads
Home,8.998732718820794,80.36035354415351,5.4161265607394515,153.7431765060948,Tablet,Direct
Home,9.60086348406778,50.52067735766382,4.951195405597728,267.48045060438767,Tablet,Paid Ads
Checkout,8.759148555389055,96.71266152591704,1.2505259148569148,351.9380648975333,Mobile,Organic Search
Blog,8.285644672523903,41.77609792750997,9.178810331936408,451.1294144890145,Desktop,Organic Search
Product Page,6.8971778257511955,98.41103190364979,14.654669495723303,398.1736854528213,Mobile,Social Media
Product Page,5.957716335482254,66.79199988036271,12.134634494348727,341.41692325763483,Desktop,Organic Search
Checkout,1.7828808392026914,63.467127325394145,13.457433371961596,343.0202593736204,Mobile,Direct
Product Page,4.676078917636288,16.5954895295785,1.622983570724783,473.5030755757224,Mobile,Paid Ads
Home,4.354196653110826,88.1927758304644,19.029814203535743,154.95380777330266,Mobile,Paid Ads
Blog,3.337784053842936,42.74896879206152,16.769836676860496,10.54492615613183,Tablet,Paid Ads
Cart,7.510781023197264,16.223340578247935,16.101806369913255,143.25773410511735,Desktop,Organic Search
Product Page,5.4628816157089375,1.260751997575904,16.45967610083535,116.76677601710455,Desktop,Paid Ads
Home,1.7294159431688314,55.975568363838256,18.654210162655225,334.2989467058591,Mobile,Social Media
Cart,2.981648817548302,52.739962212267635,10.885079322273954,320.5186838851092,Tablet,Social Media
Blog,7.149328872936364,71.93536223691585,4.005640357352518,300.7960775253147,Tablet,Social Media
Cart,1.6851777354127018,89.02580530178021,12.335672157050823,17.959287172632315,Desktop,Organic Search
Home,8.660862226438919,7.9406584643029525,14.85762987335878,367.10124668081727,Tablet,Paid Ads
Cart,5.4563187431257685,73.14964903403623,14.758347867080507,168.52990211789086,Desktop,Organic Search
Checkout,5.325279195939832,18.741194409758222,10.428980483337602,335.87743461324925,Desktop,Paid Ads
Cart,6.331670061935658,85.8177053157164,1.369174386671561,282.7234299660551,Desktop,Direct
Product Page,8.422128693326343,81.90635138616561,7.422258768602557,177.9381534596745,Tablet,Direct
Product Page,4.1302828711197375,54.07937549855444,18.415332169267145,75.94237088101279,Desktop,Organic Search
Checkout,7.102145373031572,71.02427986233116,11.68897819514852,56.26525985363566,Desktop,Social Media
Home,6.09158767596212,31.43501131837484,10.766638865114269,417.44398322498955,Mobile,Organic Search
Product Page,3.403254431524792,47.116789893281464,5.37707028764387,460.0147956199634,Desktop,Social Media
Blog,8.907669877196422,82.16368977104716,7.368978398331578,328.3961429145068,Desktop,Paid Ads
Product Page,8.176834194462353,45.92651971732139,17.906921783063385,60.68271628163685,Mobile,Social Media
Product Page,6.926066511925829,35.77982653254418,13.329260950536714,206.99333627523797,Mobile,Social Media
Home,8.655235561848176,49.421244725029986,15.747740535046656,367.180208051527,Tablet,Paid Ads
Cart,8.805647808638222,82.82492524372184,9.086908461353103,392.11223316493334,Desktop,Direct
Product Page,7.3752667904353135,33.520804737087275,12.604944389123158,67.92712492263341,Tablet,Paid Ads
Checkout,8.533119955273047,17.37615931357438,4.96767217486415,10.015052234237384,Tablet,Organic Search
Cart,7.277243155023553,71.20140203307808,14.109216605669726,358.94715248149646,Mobile,Organic Search
Blog,7.121266945842704,82.59782127080818,8.552026674066745,184.73212623324076,Tablet,Organic Search
Home,6.5675024039366585,10.063747852353334,8.850910296294911,134.69585249294752,Desktop,Organic Search
Blog,7.774449756018771,23.98741127559447,12.986446491537633,16.319760196867463,Mobile,Organic Search
Cart,2.427445947637663,14.19719897609939,18.725612429378533,274.74670931313483,Desktop,Direct
Cart,8.927836832790355,34.79414115821666,1.2801269321724185,427.06386035873106,Desktop,Direct
Cart,8.846591749707088,45.035097890541266,16.494864746940152,479.2395066735681,Mobile,Social Media
Blog,1.2632255473110323,74.88263369633064,5.847662208243863,287.21502580051174,Desktop,Organic Search
Cart,8.432350755082865,65.11475848816741,8.878389090127556,262.08605059254813,Mobile,Paid Ads
Blog,2.1598288072610066,62.092856747843115,0.4382665755001791,51.67762888972814,Desktop,Organic Search
Cart,4.016069688332277,35.23749466096544,6.020921556686261,278.9476727558739,Mobile,Direct
Checkout,7.69157430662447,84.144755308476,10.052624852602609,196.18974869304336,Tablet,Organic Search
Cart,2.4468390644347737,47.128716739816454,1.1235215469487803,307.4962876329527,Desktop,Direct
Blog,8.36170321707156,97.91049380151546,9.821914587663302,200.47591045950787,Mobile,Social Media
Product Page,8.489207601619677,63.41421382957368,18.542212577168545,127.7465704906797,Desktop,Social Media
Cart,5.567209603847526,12.626474156450273,2.1078643621561044,56.53298486190449,Desktop,Social Media
Product Page,1.0574728454515023,67.6177562075434,15.288814561510087,164.31003784855892,Desktop,Direct
Checkout,3.583343198574215,32.5104015431699,8.193421067519854,57.35596880099862,Mobile,Organic Search
Home,6.55234226538168,68.63271966860974,13.10347429048676,96.67950590375213,Tablet,Organic Search
Checkout,9.830675602246812,6.964114816240574,5.204731959704587,493.7947177039775,Tablet,Paid Ads
Cart,6.686321743150016,17.48814371759594,3.1898452508271657,227.61074288424314,Tablet,Direct
Product Page,3.338232229577438,85.57372589057863,3.2092522854245287,270.6171655874581,Mobile,Paid Ads
Product Page,6.706051327896502,22.71795570235149,1.409838912862893,438.0730790812355,Tablet,Social Media
Blog,5.8598684174427,83.704112524294,3.7129340980248604,497.828761240437,Mobile,Organic Search
Product Page,8.018608556360292,27.927608845441043,13.284387699779366,295.53008017889397,Desktop,Direct
Blog,1.9628257494426258,64.28819100587077,17.63381223687016,408.1121723116441,Desktop,Paid Ads
Home,7.849251122518252,69.4150573509831,16.282513711823235,170.20110192497089,Tablet,Paid Ads
Cart,5.871399208084992,51.265475314505295,13.702686197489681,159.81453914917265,Mobile,Paid Ads
Blog,9.666928034730951,30.531067669673128,2.2086372682220534,207.3248232873345,Desktop,Organic Search
Home,4.076849494348175,21.264437637109612,5.783748925918997,339.5285587100881,Mobile,Organic Search
Product Page,6.693597038205533,3.318935456242622,6.1961375064493796,344.2739277349984,Mobile,Organic Search
Product Page,9.388252949590157,30.39464012407238,4.9991389279524245,164.4673229782309,Desktop,Direct
Home,1.9225875519161133,65.3162790531283,10.300113194194463,75.27286282694806,Mobile,Organic Search
Product Page,9.43505638512806,93.83048184484826,10.71107629759345,319.8741656680992,Desktop,Direct
Home,7.19097150070732,87.1204482263052,7.137719503422204,72.8796724724946,Desktop,Paid Ads
Blog,1.610533531946547,76.60647765353026,7.07578317472872,293.46132903237174,Desktop,Paid Ads
Blog,3.708672102521346,78.84473432532987,16.571111958121627,349.7768427475914,Mobile,Social Media
Home,7.373548797807534,66.49849034759953,15.785856966393712,353.2996332332813,Desktop,Organic Search
Blog,1.6061554132189453,26.0286857566003,6.155916633614913,379.2013342232024,Mobile,Paid Ads
Blog,6.23953414158646,90.71950307058299,18.275768877465186,437.70111656717563,Desktop,Organic Search
Blog,4.112947512576611,67.0732311905834,19.05630034005012,254.97990606274632,Desktop,Direct
Checkout,6.588239659907294,56.04406309804399,6.534850840600816,367.82210286948987,Tablet,Paid Ads
Cart,1.4116783043126158,11.098946921348107,7.088498975861097,313.39464032925997,Tablet,Organic Search
Product Page,8.843831255371386,44.70555438064254,10.112683068439177,101.45357050086446,Tablet,Paid Ads
Checkout,9.761400722596573,46.03582712019263,18.82241625067347,22.587925986010003,Mobile,Paid Ads
Blog,9.719900697571223,86.45636095226699,17.52638866284623,149.42527898169755,Mobile,Organic Search
Home,7.746866485686322,54.66482201877885,2.051359251671796,227.0865161054335,Desktop,Paid Ads
Blog,2.170776161175688,38.04005489704097,7.854614865428324,312.3819127700416,Desktop,Paid Ads
Cart,7.824368763361203,97.68003285106593,11.067423794995436,426.48007194657066,Desktop,Paid Ads
Blog,1.2212822481292136,11.072059332631568,10.0626494510308,106.16040118602116,Desktop,Paid Ads
Home,1.1991119637609753,42.25484283119446,3.8772613587378535,71.51939705025377,Mobile,Direct
Cart,3.912491972345871,4.202467517140529,17.176335423363092,482.10517426242046,Desktop,Paid Ads
Blog,5.397788713641992,73.99041207669303,13.538815659936747,62.941834094439486,Desktop,Social Media
Cart,7.933666760270139,91.80765521991506,16.758167497036073,244.4606243525227,Tablet,Paid Ads
Product Page,7.149658389458547,28.003732955048942,17.175285586989443,296.9262271087179,Desktop,Organic Search
Product Page,5.013124357390735,85.83416767991208,14.967117073314796,275.27346624464474,Desktop,Social Media
Blog,3.462639996534993,29.221823046189776,8.784212024994346,52.15575694614217,Desktop,Direct
Cart,9.9741205014194,91.07701616439152,12.210935100308491,37.94318786177349,Mobile,Social Media
Home,4.835631720123756,75.3961903596784,3.207308122394863,61.68687945590748,Tablet,Social Media
Blog,5.062483218967079,80.49067768414386,13.472908349498153,296.9379650975801,Desktop,Social Media
Product Page,2.4726143907250226,1.80065556004545,3.585065114785615,276.72899494081736,Desktop,Organic Search
Product Page,8.153285938749365,96.2810357074026,13.878991810203136,124.53298809800468,Tablet,Organic Search
Blog,7.243140032033398,72.66709920703232,4.591963215079373,322.50932950433986,Desktop,Organic Search
Cart,2.9869265150988435,30.47510953861333,2.3510260030043995,411.8330760072682,Mobile,Direct
Product Page,1.7414294105425843,82.9394664858847,3.3056898028591486,30.373690324830946,Desktop,Organic Search
Cart,7.124493718672418,28.152119841492997,0.03984270438140536,254.0836723385408,Mobile,Organic Search
Product Page,6.890600928530217,87.2753839566128,14.374792357070605,347.76210193031824,Mobile,Social Media
Product Page,3.459335742983884,11.258039041193701,14.648020981167582,133.63284426414668,Desktop,Organic Search
Checkout,9.557772060253694,70.36859774607957,10.298666998265189,160.80774359364307,Tablet,Paid Ads
Product Page,2.3595210260281023,54.069847664491036,3.227256021107674,310.68257246479806,Mobile,Organic Search
Home,4.891013209383417,9.653447019544082,1.671086750213795,449.9882937874311,Tablet,Direct
Blog,9.49254328150839,24.189382825883897,0.3825793287457402,406.8629659484207,Desktop,Direct
Blog,4.7775458523351,1.240403627731479,3.314963539304414,295.7338073587959,Mobile,Paid Ads
Cart,6.74673352897677,46.876796546450585,17.817110699662933,367.8086417010521,Desktop,Direct
Product Page,4.578349581665148,30.126526076000037,4.830736834033635,188.76301040182136,Tablet,Direct
Home,3.4679368211380304,59.83574842977588,7.085426544344314,324.0731087683913,Desktop,Social Media
Cart,9.855798831638454,29.72378077086172,2.1069096896266637,238.4289796525029,Desktop,Paid Ads
Checkout,4.684006056835387,29.99191115069847,4.447226094963406,103.06870686420484,Mobile,Social Media
Cart,9.04689283311221,74.31931987316034,10.384491415604103,353.85175419985603,Desktop,Social Media
Cart,3.0695914530197754,4.814283597835345,12.155053661913051,282.6676723009228,Desktop,Organic Search
Product Page,2.9179423362257495,90.28949951919873,4.907046283324221,185.72457515725978,Desktop,Paid Ads
Checkout,1.2802067459606024,85.22638743911814,1.1546431845023442,456.55620313852904,Mobile,Organic Search
Cart,6.865001428382966,66.78046832264066,7.820657382547973,20.257717735099302,Tablet,Organic Search
Home,4.316737093513851,59.32215701073843,4.684067418526682,164.72884411225306,Tablet,Social Media
Home,8.779224248556734,89.23024981396523,4.391078464596038,37.87188491104681,Desktop,Direct
Blog,5.258889160224014,18.533017952871443,19.197256054269104,385.5983849485973,Mobile,Paid Ads
Checkout,9.713740851232496,7.896916219082861,12.32600971851448,354.0326525157584,Desktop,Direct
Checkout,2.6697296413280904,23.95101699095381,11.137568863441917,172.36258718079534,Tablet,Social Media
Blog,8.817608511600497,79.45782787001903,8.315502070466438,341.0748220814658,Mobile,Social Media
Cart,7.989371675125676,3.4670266726483323,8.578886668602886,204.00924083601544,Tablet,Social Media
Checkout,7.938296601796468,58.280683508348964,10.818100076761617,380.5643577969928,Tablet,Social Media
Home,8.60304905305199,99.54375161913099,13.928596140722146,232.54999474098597,Mobile,Social Media
Home,7.84921591848699,85.56960938375394,14.04292192363659,212.0170666375161,Mobile,Social Media
Product Page,6.635982894682739,52.14456890435895,3.4338781541089913,468.01765858926746,Desktop,Direct
Checkout,2.1812038991414884,6.364090928664234,10.002255041532539,132.93075894644312,Desktop,Organic Search
Cart,1.2927356154212672,83.13735143857099,8.239161900682038,69.01919659831705,Tablet,Direct
Blog,9.287630630341182,59.89785081772106,17.410539325387685,296.42612549713454,Mobile,Paid Ads
Blog,6.549852830686643,11.493299705956684,12.628378424367527,484.96768801924765,Mobile,Direct
Cart,8.168835618785586,9.38572848233562,10.650081328319636,195.14121472632146,Desktop,Social Media
Product Page,5.33370116361295,90.96268194365923,2.3078928435783475,40.39801417810295,Tablet,Direct
Blog,2.0557737006615504,66.92002629380784,12.11275778646823,176.25958098168806,Tablet,Organic Search
Checkout,2.126672129822954,82.92867993167555,2.3440781136046684,257.90651061658366,Desktop,Paid Ads
Product Page,7.170087585060743,87.89789002822673,6.744131511315041,89.34227324978471,Mobile,Direct
Checkout,4.872753054095164,57.17723520483222,2.8568392962866374,332.4700868476811,Desktop,Organic Search
Home,2.8047225403030307,51.74463517550413,13.841472940487378,498.89720061499827,Desktop,Direct
Product Page,5.424350920672932,43.042741032099016,4.125042276723052,231.35234323090748,Desktop,Paid Ads
Blog,1.577880433676207,31.69465877911193,7.83718746376052,183.8169927978042,Desktop,Direct
Product Page,6.237742617229589,43.459596085871176,17.913495552375572,206.34504174888866,Mobile,Social Media
Product Page,3.4209406399158793,77.38796557301563,4.086327667979406,66.42162741364857,Desktop,Direct
Product Page,8.178031905734693,60.19234310151316,10.156101279175582,442.8040646988497,Mobile,Organic Search
Product Page,3.793257630312164,89.2523289954846,8.38543322332044,213.26457120546246,Desktop,Direct
Checkout,5.09698134173621,44.33800143791877,0.36248082091459466,199.76446159817223,Tablet,Organic Search
Home,1.1045848591729057,60.7089578718754,15.855162271456255,333.24823373593244,Mobile,Paid Ads
Cart,1.65202199015103,63.130755309198875,1.3809181262919945,226.59637625625052,Tablet,Direct
Product Page,4.532442007660164,59.16971623063255,9.485100419539073,327.63439971584455,Desktop,Paid Ads
Blog,5.319449512454112,70.26337730855164,11.213565898778999,40.10868216408588,Desktop,Paid Ads
Product Page,6.400184933073733,23.74334683748063,12.568529132291742,408.72443842389146,Desktop,Direct
Blog,3.624963208383729,51.23637775457907,13.772632586157512,470.8469369109073,Mobile,Organic Search
Checkout,7.254836975138883,10.422480280834767,5.065447670454302,327.8950392180991,Tablet,Paid Ads
Blog,8.741101574702842,38.45113276448126,0.19957553316898746,477.7373051408173,Mobile,Paid Ads
Cart,8.018658900040148,48.76670686212644,14.468873247098239,84.20183404128201,Mobile,Direct
Home,1.3565694281352143,65.22242595454725,10.713131986951572,243.9339328453733,Desktop,Direct
Blog,5.32456252532046,95.05310525862035,16.722354064144977,304.88529963326914,Tablet,Direct
Blog,1.9443716057635738,60.06510665483559,16.427767258013887,295.05095723638146,Desktop,Direct
Home,3.178405142762747,74.35939161765597,16.866523355757664,206.7162717536312,Mobile,Direct
Cart,9.879963339404318,50.626605949520275,9.701893199590803,175.66136058946807,Desktop,Social Media
Product Page,2.282459886113619,63.41040313763313,6.672567916737313,72.14377104970521,Tablet,Direct
Blog,5.489993381062204,7.093221613377343,15.8311640518274,201.9538007755163,Desktop,Organic Search
Home,6.563401608863072,25.439158084184697,9.0258822605851,89.70379940168772,Tablet,Paid Ads
Checkout,7.322184734896935,36.185309320513866,3.66884392806869,369.83918148118704,Tablet,Organic Search
Home,6.036838151382227,47.249335500651355,17.099480391229488,112.32715839234909,Desktop,Organic Search
Checkout,1.087937626772653,4.564874550238374,17.651197535446947,38.69699958942159,Mobile,Social Media
Cart,3.938151774195927,14.002409755331769,9.326195122803401,280.6594075304448,Desktop,Direct
Product Page,5.6594047904624025,27.68143077913058,1.5139945461957494,301.6625690325068,Mobile,Paid Ads
Home,1.7907984923035003,97.15326909010507,7.756521798338625,437.2374000274477,Mobile,Organic Search
Blog,4.155642380882627,33.134700710305076,16.070753189252066,292.7209900846641,Desktop,Direct
Cart,1.298827979122299,48.20410581120825,18.035480570924573,179.2856183244884,Mobile,Direct
Home,1.7072064743951867,19.609771273839293,4.069454849951917,403.47582194789703,Mobile,Social Media
Blog,4.5723094858143645,61.07800710757682,1.3394722405054305,274.7366576618363,Desktop,Social Media
Home,2.194441786387543,28.068321551597432,17.547009062656773,48.84733946928395,Desktop,Social Media
Checkout,6.107867634354023,20.699257843842677,7.788098779577506,287.26677455349085,Desktop,Paid Ads
Home,7.2051847222353915,51.65726284459791,10.835219285351265,454.9290872566146,Mobile,Organic Search
Home,8.205280291981746,0.5505799160420821,19.361316241015178,204.19318649412807,Tablet,Social Media
Home,2.8013521982032907,0.7664032649225327,1.331294558284457,155.19964293090203,Mobile,Social Media
Cart,2.507343240331628,21.906880910185777,12.966360149041911,80.30003393882983,Tablet,Social Media
Home,1.9411105630096022,3.672136250082114,1.4821084514973415,84.20830574832509,Desktop,Organic Search
Blog,6.72787224589273,10.802575413069137,7.509378569330007,222.05802732749126,Tablet,Organic Search
Checkout,7.35828153838211,33.88606493387516,16.076290903868934,301.8831138391495,Desktop,Social Media
Checkout,1.2842753034307783,80.25856795798128,8.669444655112688,49.50154853310486,Desktop,Social Media
Home,9.42591021619321,57.204864336930086,19.94364707805901,470.3886086223312,Tablet,Direct
Cart,1.4677415528632518,51.26677259564164,11.181185698932044,380.015472548146,Desktop,Social Media
Cart,5.871667017709634,29.348882320812166,6.423243052719069,297.4457199589947,Tablet,Paid Ads
Blog,7.381544675058247,93.17537194328163,4.402226518095063,415.9349487601055,Desktop,Paid Ads
Home,8.83872211371477,39.70150412371917,7.010410685723237,49.29151083793551,Mobile,Social Media
Checkout,7.4267823891918505,8.70927667957715,7.450665475191016,243.65105008923095,Mobile,Organic Search
Cart,8.215552747628127,61.70665161178013,1.3742735544792195,318.7456321622151,Desktop,Direct
Home,4.0550517328852544,11.38383934766014,7.391483988535463,416.03992399796175,Desktop,Organic Search
Cart,8.33342602371861,34.52231428016921,9.284770394784498,393.9000844241412,Tablet,Social Media
Cart,1.7210336174620764,50.74119387178089,14.454755044776093,145.7639323595658,Mobile,Paid Ads
Checkout,9.05334990454475,87.42225246851758,13.13458969443216,471.0312830840101,Tablet,Direct
Product Page,5.928331385383626,49.35465803401187,14.175313104583084,70.92946230112648,Desktop,Organic Search
Blog,8.355679929662443,70.22587660316643,0.16727363753714197,438.81547312436453,Desktop,Organic Search
Blog,5.070864560664702,99.28168389990704,4.353347991610721,485.7607223062631,Tablet,Social Media
Checkout,6.792199256768725,13.148911989798162,13.23368576799713,96.80522637908652,Desktop,Direct
Cart,5.737623948425019,27.47315255195195,9.679787363594944,363.8123714598548,Mobile,Paid Ads
Home,7.584305695797987,39.45760755976464,0.10626951336691892,29.739904201219247,Tablet,Social Media
Cart,1.7346698382753063,42.18281785388314,16.089892848636445,208.65718431818593,Mobile,Direct
Checkout,1.5431687559150742,41.102107526554576,15.456191465806748,262.9788166068603,Mobile,Organic Search
Blog,3.223929106091318,90.76110025565549,10.968383259871253,294.5161606957207,Mobile,Social Media
Cart,2.435902121018695,71.40326444668564,1.3292665155254424,468.6092516417942,Tablet,Organic Search
Blog,8.846052099329814,60.79052140907037,15.330300990651693,339.4028367741554,Desktop,Organic Search
Home,2.9729258862223986,30.93727178627821,11.674271754627279,245.82619609742613,Mobile,Social Media
Blog,9.782787302372181,82.37903842212947,15.639199543159183,406.74076777028574,Mobile,Social Media
Blog,4.032062125939961,95.5060511484989,15.034939847916808,475.76108226766036,Mobile,Social Media
Product Page,2.6390612411982937,82.11982825502265,16.06004143915674,20.812412854322513,Desktop,Social Media
Product Page,8.107286564282312,0.15651051914729042,10.360161328092497,491.43542340545895,Desktop,Social Media
Product Page,6.928369979507885,63.6401370183407,2.8064903638703,52.20474814120337,Tablet,Organic Search
Blog,5.483761448078251,5.1135381442100725,13.423149467593774,409.04952184169304,Desktop,Paid Ads
Checkout,5.998271958438681,25.760722033372186,12.409475701039412,147.36402875019212,Tablet,Paid Ads
Blog,7.472816004450374,5.952470034777169,14.845063743981743,74.76803229939716,Tablet,Social Media
Checkout,3.0560926719816885,60.37954529493877,3.397620121014706,225.5292634597791,Tablet,Organic Search
Checkout,9.967005244510677,68.65899134926067,3.8995039980057844,325.5387239293306,Tablet,Paid Ads
Product Page,9.773138459321048,11.448763806590511,17.80819034438657,196.66640406150276,Tablet,Paid Ads
Cart,6.852931177122432,38.38388830449795,14.999555969041417,36.737050058522485,Mobile,Paid Ads
Home,2.7958820583623063,45.6236508955542,18.16456977400646,303.73595843277116,Desktop,Organic Search
Product Page,7.122054181881622,36.90530217609166,15.174306423278415,452.1776052942306,Mobile,Social Media
Product Page,1.6497856808125826,12.102500048519305,11.943106119806037,197.77552931415332,Tablet,Social Media
Cart,1.2758725198522547,41.89477901874754,13.082654740557473,116.00306103910525,Desktop,Social Media
Home,3.3191459966009234,75.11780478084181,17.782558478800198,226.86289950707953,Mobile,Direct
Blog,5.163606610653847,7.100766453325546,11.576135090238811,33.697728413902624,Mobile,Direct
Blog,8.814452548675424,8.018001408190345,12.647826486567748,412.03891639533464,Tablet,Direct
Product Page,7.544521627896772,35.47712918359842,3.1295343200720116,414.9069973655915,Mobile,Organic Search
Home,7.684358690799829,94.1725711618925,9.478424402322055,298.1202270805179,Mobile,Paid Ads
Product Page,4.829440010032679,66.85726467229141,14.32794223916198,183.02041557981084,Mobile,Paid Ads
Checkout,4.113414932922666,67.86699566725648,5.418853966327308,401.89384857843385,Mobile,Organic Search
Product Page,4.339348866861425,36.1919990837865,4.045083610490698,281.7966421462999,Mobile,Organic Search
Product Page,9.88884607362452,59.36607912085384,6.276536164488311,414.70683118950797,Tablet,Social Media
Blog,1.3609827227123423,1.0131184027743378,4.830012559856669,319.41480836568013,Tablet,Social Media
Blog,8.803283465102037,63.60960464095422,4.298252740727917,394.3586818742707,Mobile,Direct
Blog,6.208078677151541,91.32869475762368,8.49701685736174,303.29586667670236,Tablet,Direct
Checkout,4.947538772706315,61.25734683448192,18.15677027767068,212.92912342567644,Tablet,Organic Search
Blog,7.527318943736229,87.3698593466345,10.141192934774367,479.3934713638074,Desktop,Direct
Home,5.380020472822325,72.39730554660937,3.7584076163064606,275.1457741906339,Mobile,Paid Ads
Cart,8.860809142734945,12.055841640369025,1.5394333876174815,306.4938640848638,Tablet,Organic Search
Home,9.106316776101327,90.24533072858418,13.923122902758504,118.03894331322714,Tablet,Organic Search
Home,4.795488341861098,6.644384435577488,7.655975288727756,316.56888681936545,Mobile,Paid Ads
Blog,3.4914501751154643,53.39674725477638,16.436618931707187,290.0877482466425,Desktop,Social Media
Cart,6.33115295734026,14.213712379345766,13.190215372815404,100.57081499404222,Mobile,Social Media
Cart,9.211270110550219,1.1706610730904066,15.92482901082737,39.19767770304042,Desktop,Paid Ads
Cart,2.895959701050999,42.2034260127639,5.438920788368975,306.1360666602378,Mobile,Paid Ads
Checkout,6.606699252071345,29.504070765415623,13.847178449221163,384.20921198165706,Mobile,Direct
Blog,6.684041980832685,48.6000493797603,5.281239693874376,266.466671751784,Mobile,Organic Search
Cart,7.5980172017375285,57.71998867345508,18.78136958900583,121.11858640662639,Mobile,Direct
Checkout,2.1841091661453382,4.373907230894735,12.727485630667488,336.5957685795871,Desktop,Paid Ads
Product Page,7.442424682138797,12.300329512374564,6.490236003506842,49.2518060387051,Desktop,Direct
Product Page,9.181292685990769,55.86423964504254,5.390237245845453,226.49851535295775,Tablet,Paid Ads
Checkout,2.6171479798321777,34.316735317265824,3.81853170143287,90.04971161522589,Mobile,Direct
Checkout,3.1378899243148988,72.9173487549448,13.892819177874555,100.38493501934285,Desktop,Direct
Blog,9.742555846374756,65.22916485919397,4.374312259958546,109.12403508751979,Desktop,Social Media
Blog,2.628792574385408,84.56043629899068,11.906065318549782,199.48645795154917,Desktop,Paid Ads
Product Page,8.689465840326212,69.24928266692253,5.292700538507146,35.063600753994834,Mobile,Direct
Cart,5.430500708032313,42.99310773901481,13.239378895877373,204.91878605525812,Tablet,Organic Search
Product Page,3.2250796696285935,67.29666223944324,16.298794570810784,260.73664908620344,Desktop,Direct
Cart,8.836749111452603,27.538117425541852,15.560504862893064,246.81419963349936,Mobile,Direct
Cart,5.007747295023989,30.63134987782127,15.217026618615634,197.56420919748987,Desktop,Organic Search
Blog,5.633356185367211,78.89851599207933,3.7544481138450414,421.1818379546687,Desktop,Paid Ads
Home,4.233100324597891,44.64195164015822,1.7676989396903742,81.21007928604702,Tablet,Social Media
Home,6.3365576629143465,79.83803405183525,13.978976569747712,257.7914044528733,Desktop,Social Media
Checkout,2.4717148532652047,82.24223736682784,7.366944275887026,40.40029430871161,Desktop,Social Media
Blog,4.519733829865846,85.75623376612837,8.646924528066947,44.866282650175776,Mobile,Organic Search
Cart,9.724710901017588,91.66352358412072,0.6229818558678213,291.19426634177717,Mobile,Direct
Home,3.3232008943101476,43.098522051329624,5.191528985500984,287.34902819503225,Tablet,Paid Ads
Cart,6.910629980871629,31.886681832113883,0.6735280774892805,440.2364212937839,Mobile,Direct
Home,3.926710578022254,58.21987465941139,17.583715452024954,283.3581010734359,Mobile,Social Media
Home,7.961258131179406,37.117242343762754,4.867933664370609,480.2975999983766,Tablet,Direct
Home,2.177862946465148,60.1074166800233,11.146743391460161,33.86047571596559,Desktop,Organic Search
Blog,9.728389405706903,70.55858626438246,0.7795864132226082,58.023765542563126,Tablet,Organic Search
Product Page,5.084105872452753,68.84050184921368,13.33694782611316,31.592272169486883,Mobile,Paid Ads
Cart,3.1244541701181756,37.45528870201213,6.460546915081878,100.78565666343461,Tablet,Paid Ads
Blog,1.6614707259701138,16.68602016987528,17.958383739153316,275.2223543614223,Desktop,Social Media
Blog,2.5278211457878665,43.05293384622075,17.762363778680715,326.33036889943975,Tablet,Paid Ads
Blog,5.677965537004159,14.259414408190874,6.505812367234956,32.33672739484771,Mobile,Direct
Blog,4.033028587881576,89.00970351838083,18.019217913809356,473.52573602434364,Mobile,Organic Search
Blog,8.459950292943486,34.58774607378574,19.923153469975578,422.6610345586867,Tablet,Organic Search
Checkout,4.877987712956253,15.445974722332378,16.508313282478962,155.34011625697562,Desktop,Organic Search
Cart,3.238428453288669,2.5447759905750877,16.897426955104578,47.8218898109693,Tablet,Paid Ads
Blog,6.554304879436271,64.58223862864843,4.980174722181799,93.24466587733806,Desktop,Organic Search
Cart,7.360994951969012,63.69023174547432,11.534047977155126,72.20276273993662,Desktop,Organic Search
Checkout,2.5033771711085486,34.060416658129164,1.345118279347357,70.40905185648396,Tablet,Organic Search
Checkout,2.508572946594859,7.171188884765101,1.8983587364333943,264.0952274462096,Desktop,Social Media
Cart,1.3300428424018866,40.9628894895232,19.97785224066581,130.46524682176613,Mobile,Social Media
Home,7.627618135590764,31.12174950633936,6.532784988518219,185.48846109928078,Tablet,Paid Ads
Product Page,6.974240748596245,67.71206397350093,14.963678240976927,494.857613358318,Desktop,Organic Search
Home,5.2716778817483245,60.57792494526903,16.13330106053633,345.31398197341895,Mobile,Paid Ads
Home,8.597534040722774,36.459372819754,17.160465420144583,475.00052685303064,Tablet,Organic Search
Home,8.251031376550479,21.78925542549901,19.95256594804313,79.85271196622664,Mobile,Organic Search
Blog,6.26818927957077,98.80359661555919,4.829929705137356,197.24834266795895,Mobile,Organic Search
Checkout,8.814441524619328,45.40016211961149,0.8070165371939941,281.8185836083536,Mobile,Paid Ads
Home,2.8525708903309144,68.82742357802371,8.22383035989172,47.61145032548163,Desktop,Paid Ads
Checkout,2.007276574579551,14.055296757836079,2.601613396578939,12.051847377699353,Tablet,Organic Search
Cart,3.4277465036529065,48.55896996593978,0.4485177832411025,338.5128235604896,Tablet,Direct
Product Page,1.5137817048038338,2.7536719869465487,7.208536542829722,324.4915632327033,Desktop,Paid Ads
Cart,5.780525752009288,50.545511791044994,15.67476502150473,211.28651689980975,Tablet,Social Media
Cart,9.429451230654653,96.40174071177023,11.323613824501418,249.925597255696,Mobile,Paid Ads
Blog,1.3540918660165868,38.420671298580025,6.255559784207081,213.5670702901239,Tablet,Organic Search
Product Page,2.098989226090241,3.8996012574911587,13.086840109854394,21.762471973995538,Desktop,Direct
Cart,5.069791254550918,3.095579091934353,4.640363606176214,174.33208704655658,Mobile,Organic Search
Cart,9.404875157751144,38.798675994686946,0.2876289214417005,96.77030514467202,Desktop,Social Media
Product Page,3.8454049447907543,16.002493646319405,15.287067728728548,58.22785265967068,Mobile,Paid Ads
Product Page,5.565113278195532,2.335209632818591,12.474861697280183,478.7930126057814,Mobile,Paid Ads
Cart,1.3741557314535289,75.62136139501769,15.2460524900192,303.6862652706611,Tablet,Organic Search
Product Page,2.3350888086587998,45.85230088818907,0.7787603337533122,367.0415792759353,Mobile,Organic Search
Cart,9.879671106629623,28.924477197265453,16.742392556613044,164.52823420039758,Desktop,Social Media
Cart,9.68606826792441,90.00831830164807,12.390524000726067,202.64209345206746,Tablet,Direct
Blog,1.0444598284096864,11.613896020052561,11.267907014252803,126.0927570093945,Desktop,Social Media
Home,9.566306068809151,95.59188289553192,12.492280962290632,57.51317877305812,Mobile,Direct
Cart,6.752079440339504,31.396671737735282,17.288664937367283,97.72550234637606,Desktop,Paid Ads
Checkout,8.811264650680199,88.84036723086813,11.73873013117814,400.78188219527806,Desktop,Direct
Home,5.092658700704732,60.294287647946156,11.619007597763586,341.99744454005014,Mobile,Direct
Home,5.640364257213252,82.67073597414874,19.813583141315316,277.9951492328837,Tablet,Paid Ads
Home,5.399619222312282,98.40131632104642,15.13460334137136,242.79403770471635,Desktop,Paid Ads
Blog,7.001778317914939,28.840543781874572,8.845876109022706,461.992798991501,Mobile,Paid Ads
Cart,2.256861292806816,96.1135485407593,14.147940000658554,45.64012441154752,Tablet,Social Media
Blog,1.2697623088541015,38.94818949024204,7.78460943383577,147.49439848657883,Tablet,Paid Ads
Cart,3.7713694743207182,38.55119047369223,4.57750924966998,181.46954824964988,Tablet,Organic Search
Blog,7.342126864629821,34.03871042545057,11.937037537755188,393.388647984266,Desktop,Paid Ads
Blog,2.816681069106535,54.14076073475852,18.56364196227903,496.33216387936596,Desktop,Paid Ads
Checkout,7.060891899924256,15.41450431784871,18.582790400309253,127.928552231005,Desktop,Paid Ads
Blog,9.729208414965434,55.37114853580112,6.838105562109806,438.4105937271695,Tablet,Direct
Product Page,1.8451064421047656,54.1704812410004,10.553549324433899,417.0051526115777,Desktop,Social Media
Checkout,7.053419064026136,76.190181260487,4.232717971397224,120.08212484446564,Mobile,Paid Ads
Blog,4.993751973741141,83.36499619375856,19.912622189977668,205.67296429761907,Desktop,Social Media
Home,8.813280289397548,44.044135031242405,19.622358157358715,210.73970595333438,Desktop,Organic Search
Product Page,2.594348105026473,30.233324935149376,12.990178594148947,489.32812757801355,Tablet,Organic Search
Product Page,7.23363357003548,25.933489731709447,16.088281193549467,98.63703167566018,Desktop,Paid Ads
Product Page,8.543037606832993,19.462383670487192,14.302003225674,401.5874058413432,Mobile,Organic Search
Checkout,9.501527975266209,5.764758219902488,11.863164380789364,173.75442994482387,Tablet,Social Media
Blog,7.1492322546068126,34.244797883471335,1.066959939777954,368.1264694303186,Mobile,Direct
Blog,5.474572876075846,27.024769213078326,9.09528685105322,215.80539210487478,Tablet,Paid Ads
Home,6.560625161810925,96.64173858664074,13.49572604334821,293.3962839271046,Tablet,Organic Search
Home,8.820144860308464,55.77088262500439,13.550632277673692,417.97976892980427,Desktop,Social Media
Product Page,6.1354877197494675,34.72770390305075,7.462452368447671,404.0411268421032,Mobile,Social Media
Home,1.2734835372715319,58.0467600993696,18.833839733160612,434.5473599344531,Tablet,Organic Search
Checkout,9.3785382595628,13.91967013456955,3.34714064473562,39.212489418882924,Desktop,Social Media
Blog,7.20574075928405,44.40437492022029,10.007188924311212,349.10477098947496,Tablet,Social Media
Product Page,7.088620471995219,62.62343214210638,13.817679531016456,78.59381459366381,Tablet,Paid Ads
Home,2.9410763715794546,48.889783179245136,13.942716117836184,213.75109832902137,Tablet,Social Media
Checkout,6.929969232093915,40.177880065432426,12.97277913537631,278.8083233767974,Tablet,Organic Search
Checkout,4.544779650887426,99.38483888996981,5.505764269037203,207.34234752594708,Tablet,Paid Ads
Home,6.861096793373429,88.0314762148927,3.1241313737324394,264.6097211434737,Tablet,Organic Search
Blog,1.9593372727719165,62.34059581594401,12.718806536534217,498.2978913113234,Desktop,Direct
Home,6.920607741427324,56.93773611822828,11.986042322788755,76.25648371929881,Tablet,Organic Search
Product Page,9.994723531936,62.06604798245841,3.5871202057848195,340.9734622148485,Mobile,Organic Search
Home,1.4339083497450043,20.131210782243325,14.102782911411268,204.04047352895145,Desktop,Paid Ads
Checkout,9.794567657991855,39.51377432643186,9.103439834673129,75.1748014645911,Mobile,Social Media
Home,4.662171646505835,3.945953289089932,13.355211832063059,87.78101405341167,Tablet,Organic Search
Blog,8.836781053035333,47.554603748682666,16.747341595403014,475.14382206035225,Mobile,Paid Ads
Cart,8.04146935652446,54.302458395766315,3.3945685715384633,441.0047333887634,Tablet,Direct
Home,6.10314634888001,22.77497361032096,0.3828973599367336,454.4505606033607,Tablet,Paid Ads
Blog,7.646042883261939,96.40288471655137,15.582051727915736,495.8510601554194,Desktop,Paid Ads
Blog,8.906640051712131,90.9454610937242,12.193948503052319,112.0745411041738,Desktop,Social Media
Checkout,4.637262894859297,72.21432354559059,13.992791392442435,184.16527530839025,Tablet,Organic Search
Blog,3.943298454069148,53.33866287653626,16.76309949977285,337.9173246631847,Desktop,Direct
Blog,7.0083404700722625,86.99691596476849,16.05621869649001,247.06324453171715,Mobile,Paid Ads
Blog,8.270613477471327,13.065234382346292,19.218402938576492,215.01087135538341,Desktop,Organic Search
Blog,7.860566212989542,79.0509794274885,10.718701577042363,185.32751217444059,Desktop,Organic Search
Product Page,8.18032283972771,12.48208139668483,9.769912653198107,300.9525096522916,Mobile,Paid Ads
Product Page,4.920249833316397,79.42106625494054,8.037743997814601,292.0407800336402,Desktop,Organic Search
Checkout,8.360507945575193,27.576756825135696,3.073820856884091,89.11433869147764,Tablet,Paid Ads
Home,2.081881498335476,87.7090581018189,11.45214465764045,241.15252038403514,Mobile,Paid Ads
Blog,5.900401881647646,94.40420938253979,5.540250486519575,281.20117034282646,Tablet,Paid Ads
Home,1.0518279444830942,14.879596940511563,18.42615024425951,289.44059997838133,Mobile,Direct
Home,3.9212724691024325,46.267560506539354,11.663816085541951,112.95252452705239,Tablet,Paid Ads
Checkout,4.298153813842581,98.09873781626851,11.856803610162203,373.7129822036205,Tablet,Social Media
Blog,4.565554224483298,48.34074359731466,7.0984932175402005,22.34755646232412,Desktop,Organic Search
Blog,7.25920486020876,86.35475225145451,1.0397870395541498,183.8676092161497,Tablet,Direct
Cart,4.4970229114331115,58.87315221313199,0.6348753074597724,392.30419778246045,Desktop,Organic Search
Home,5.038242603602776,37.53299079196019,8.46670288306395,286.30753131714715,Mobile,Direct
Home,3.1378971778689473,28.57835555258702,1.691307561944757,137.9695919303215,Tablet,Social Media
Product Page,4.35926612466406,20.322309108608728,12.136939110802782,350.52702847809337,Tablet,Direct
Cart,3.045426645368363,76.17981913776973,17.61946011279315,288.02156263647595,Mobile,Direct
Product Page,1.6587633139159927,38.65405068230279,17.658296330374444,400.1593686336297,Mobile,Direct
Product Page,6.431037340432401,51.12754622007512,13.180908202644648,370.1623412330135,Tablet,Organic Search
Product Page,7.013915186995146,49.23254800011819,4.224636629458621,308.95288179775497,Mobile,Paid Ads
Checkout,6.575413114086531,57.727902923313124,17.259936627177442,249.20706090229888,Desktop,Organic Search
Checkout,5.171446394205152,86.55771456245522,17.721868706264164,75.25924157708647,Mobile,Paid Ads
Product Page,4.418072021613068,98.07393435834294,3.933071699059174,138.05317876383805,Mobile,Organic Search
Cart,8.770002846146427,40.758420857381694,14.748521715413546,215.3587417293718,Tablet,Social Media
Home,5.671736066225963,82.7518922106303,5.730390978542459,303.6566506331304,Desktop,Social Media
Cart,5.312636898667579,76.45277946547176,16.052806247058594,261.7168490554993,Mobile,Direct
Blog,1.2307785922579213,57.352895145557326,19.944757998072053,151.21041772016946,Desktop,Social Media
Checkout,4.071230448635407,95.60471436119332,0.6005201065878563,13.167535316958169,Desktop,Direct
Home,4.421760569072713,20.04745155284028,17.947317315818637,253.1572187313988,Desktop,Paid Ads
Home,4.589405028072104,10.92642103096214,12.452610671973162,149.9567343954991,Tablet,Social Media
Blog,6.221551323045991,85.39619669554222,19.467652383296425,369.95806734816216,Mobile,Paid Ads
Blog,5.802422920541906,43.91498166337483,9.300190350528553,21.73366998253691,Tablet,Organic Search
Product Page,6.471145835141002,84.69688542070605,16.947758611427474,296.5656275398375,Mobile,Paid Ads
Checkout,7.883949353879155,89.30902051954149,1.2478813719655446,471.32237637797203,Mobile,Organic Search
Checkout,8.316871648444842,6.245759361907144,6.705581001565914,95.46054088463477,Tablet,Paid Ads
Cart,7.46310768603845,88.34647629860606,1.3403307550241994,241.10825046779172,Desktop,Paid Ads
Product Page,9.599713263594412,44.831905536942216,19.50686266958141,54.796775990397705,Desktop,Social Media
Product Page,1.1640932440872547,51.04324890042322,16.339478145436736,316.5841370080628,Mobile,Paid Ads
Product Page,2.7620018711519148,62.659251109321026,17.05094842491941,279.7605234921505,Tablet,Social Media
Product Page,1.068065874803279,92.63826067300867,18.759304628677885,209.60910686428784,Desktop,Social Media
Checkout,6.827272427391427,1.911609442976403,1.702069722395707,265.4747405221332,Desktop,Direct
Checkout,9.082274940549881,47.68434683178171,7.711951850266667,449.321582649815,Mobile,Direct
Product Page,3.1913406691866935,68.77220424305607,1.4206977808800425,106.18420813242285,Mobile,Organic Search
Cart,9.34331090316676,72.27069576982285,4.215862031000572,21.056610735620147,Tablet,Paid Ads
Home,1.5424065126060476,69.2532431537108,4.587315540753448,432.21579350255945,Mobile,Organic Search
Home,9.409924241249628,13.443512940812186,9.382144220951574,292.7873703700742,Desktop,Paid Ads
Cart,4.16460418515671,29.93955883716812,5.371243349072852,446.42264317630276,Desktop,Direct
Product Page,1.9127874560429485,35.87155254170135,2.019562136355222,302.50315947245457,Desktop,Direct
Checkout,5.372845832676931,80.4437207679505,3.349821781882154,406.9789340802542,Desktop,Paid Ads
Home,3.3109891094845714,27.875987241455302,2.9455112710418185,220.53994804402248,Tablet,Paid Ads
Blog,3.5638561176573056,21.070496386720315,19.461535958245967,377.4313663312517,Tablet,Direct
Blog,3.765609684336579,95.74480190380962,15.185850138369473,457.39031877602946,Mobile,Direct
Cart,8.22723308049397,0.88632851134689,19.35522930539124,290.34025222388107,Mobile,Organic Search
Product Page,5.85245149007729,99.78208556819781,8.794809730158171,98.58472377556598,Mobile,Direct
Home,3.8017692924040327,67.68212988573956,5.567369633253132,141.71083136479712,Tablet,Paid Ads
Product Page,6.493004049798265,82.84692994491171,15.965863944183734,107.33584267972883,Desktop,Organic Search
Home,7.445356068008742,29.461939634619316,6.525078360822936,130.9599435219091,Mobile,Paid Ads
Cart,3.453616006601804,1.4315277667059978,5.987667474106965,160.14357018200784,Desktop,Social Media
Cart,4.7219419137281635,73.78695185615301,4.650119844156624,282.0155555090623,Mobile,Organic Search
Blog,2.096974840032528,83.41445970006758,2.593579564484707,298.1158984372781,Mobile,Paid Ads
Product Page,2.630344145812123,74.04761319535191,5.129261220335319,218.98487614851194,Mobile,Direct
Blog,7.130060685684845,14.285028730083859,7.106394969477754,311.55618211220934,Mobile,Social Media
Product Page,2.6329451292606425,75.34279222569691,13.479884162914608,49.9717135495693,Mobile,Paid Ads
Blog,5.726470453003541,76.8922782107641,1.2512968443890315,53.01623615849839,Desktop,Organic Search
Checkout,7.381416355501894,65.85405156700548,4.210138793306859,94.19643557525264,Mobile,Paid Ads
Checkout,1.9618923078526946,76.61159327955862,16.180472805833528,263.8579740397689,Desktop,Social Media
Checkout,6.105809976660132,84.59214396777321,2.9384384716754153,114.85739256217364,Tablet,Organic Search
Checkout,3.309065053312274,61.360411423745845,6.852902930450431,148.80935771136288,Mobile,Social Media
Home,9.666341877138219,8.860471396967906,17.2931784371628,206.1532897247671,Desktop,Paid Ads
Checkout,5.351910820479323,48.76278096672109,3.098506222868853,407.81440076508613,Tablet,Direct
Cart,8.253932947976423,7.764933467160507,1.654736712363798,16.792446597301456,Tablet,Direct
Cart,5.952038879406356,40.75430310324308,9.690759901600217,328.19562191594497,Tablet,Paid Ads
Home,1.3907127956933725,40.71064891256276,6.048390225570728,337.74950020993583,Desktop,Paid Ads
Checkout,6.698362380346201,6.600984414024158,11.268167289677082,401.3413323747519,Mobile,Paid Ads
Checkout,9.562630079859913,34.88205339694793,16.076097809669502,467.04894013955345,Mobile,Organic Search
Checkout,6.414506381316981,11.099809879131485,2.7429697630548633,19.867545985152013,Desktop,Social Media
Blog,8.372699734841111,80.82352100092221,11.6139816910857,85.35401570147593,Mobile,Social Media
Product Page,8.957858170135669,94.76880259644707,10.110175207797278,444.2239340874366,Desktop,Social Media
Blog,3.0527179475403923,7.231647525793861,2.8815757202639913,234.67409547163754,Mobile,Paid Ads
Product Page,2.90840355917404,95.51152072917014,12.479969710579649,286.6494130773971,Tablet,Social Media
Checkout,6.498828899658926,52.25765993367452,5.472808357215433,334.88332982434224,Mobile,Paid Ads
Checkout,4.699256228260342,29.95656779538739,9.75668637088025,342.74263620286234,Desktop,Organic Search
Blog,8.558751725800484,7.686207527616351,1.6454464855412376,466.552797625089,Desktop,Direct
Blog,9.1002081105821,50.06242680704178,9.191681144272462,498.50521453171814,Tablet,Paid Ads
Product Page,4.180792413724463,79.45155444907486,6.129269360856407,362.8771558561607,Desktop,Paid Ads
Cart,3.1318350307703384,70.70864772666981,16.447624223707088,150.7383925105239,Mobile,Direct
Product Page,8.024729637194756,5.022601146397376,1.1395745399473656,441.07867712422836,Mobile,Direct
Blog,3.4732543199332246,7.290183536790352,8.3721454983666,34.11824812497319,Tablet,Organic Search
Blog,8.403528866623105,40.28732826326371,9.16862848262876,123.22961790850314,Desktop,Social Media
Home,4.813644282838865,29.52904940479433,14.500121525982374,449.7190015572203,Tablet,Paid Ads
Blog,7.0079490936232345,23.238432305604782,11.48575150180422,135.53384207528393,Mobile,Social Media
Home,1.8598178245120136,28.10044989087136,13.344246743883621,118.11901921465675,Tablet,Paid Ads
Cart,6.614733922089157,80.34827432968846,15.540985713035123,77.68139363872115,Desktop,Organic Search
Product Page,5.065909108635062,92.92280536318539,17.244059473163777,430.9647612469891,Tablet,Direct
Product Page,6.279476168579267,40.510269452756646,6.2775099344494105,255.0285470036325,Desktop,Organic Search
Home,2.5121278697037708,90.61110021324971,10.76045410727806,340.69766949653587,Desktop,Direct
Product Page,7.631863704497639,32.1495701247882,16.802161568783998,127.14252819676454,Mobile,Social Media
Blog,8.765173697889058,47.64369863437916,19.78902261930113,381.43980629549606,Mobile,Social Media
Checkout,2.9506582008169806,22.602899781599973,17.790386220875263,382.40271703142827,Mobile,Organic Search
Home,1.8614309996814555,64.0476042175844,7.429345252487536,163.17303220506707,Desktop,Direct
Product Page,1.2127472744170276,97.89811151748088,3.9033303443730083,211.2344901750386,Tablet,Organic Search
Home,6.777743503989394,60.34930960433786,9.787850748131774,112.74823594079842,Desktop,Direct
Home,6.463846324799027,35.78140841135489,14.832829036720845,488.5149014282231,Mobile,Direct
Checkout,5.92027671442663,64.78174459905284,9.851381415065951,326.3452627586217,Mobile,Social Media
Blog,3.087523865043779,12.292067846538757,9.66361726627337,467.9265015506026,Tablet,Social Media
Home,4.518153963149632,88.86590802653987,16.764608421636012,158.65891637827525,Mobile,Direct
Product Page,6.350287016675558,50.30839507798363,7.228075581343727,393.12654736847594,Mobile,Direct
Cart,5.470901729732525,44.93497420396421,17.195893496232912,385.2707355035236,Mobile,Direct
Home,9.890069681933985,58.58647884535192,8.136096019034472,348.91126941460533,Tablet,Social Media
Home,2.227957773010598,62.47838627894025,6.564662113566788,483.1630978807322,Desktop,Social Media
Checkout,7.256300986428344,7.177580622651303,9.07979822399398,202.8421146920946,Mobile,Paid Ads
Blog,4.638868912938629,68.26172212234025,15.24893917349737,74.05148855898108,Tablet,Direct
Cart,4.853796534330533,24.193168031552958,2.5200405572798856,339.1373410295898,Mobile,Paid Ads
Product Page,7.458379890923586,71.39526325065899,3.9283843174403477,367.36180223383104,Tablet,Direct
Cart,7.231925361919327,82.25347943841967,19.028896513261838,291.7796809948192,Mobile,Social Media
Product Page,9.921303943319694,80.39585075525203,3.5098325476271475,111.34076763536417,Tablet,Paid Ads
Blog,2.155548605087127,55.25009674078891,11.354546358621091,257.18341141798413,Mobile,Paid Ads
Product Page,1.936986844457497,52.016989231075115,11.586289333238756,162.97297091887341,Desktop,Organic Search
Checkout,7.51904935415867,14.287596133941172,9.792489241004896,219.45859880167765,Mobile,Direct
Checkout,6.205482253057681,77.53461504031355,12.894904971536372,326.1571021638853,Tablet,Social Media
Checkout,3.4674459990382527,27.140938044671437,4.596534515952369,375.1552239185089,Mobile,Organic Search
Checkout,1.7147743209008794,49.669542281794655,11.053245355534964,123.79009854165812,Desktop,Organic Search
Cart,1.770924246367875,28.42740929275167,7.4434651049379426,208.60942671700715,Mobile,Direct
Blog,9.047717871977065,13.382836299969314,13.23334519258378,141.8891697858983,Tablet,Organic Search
Product Page,2.726805922468686,62.95576968917366,2.8244708674629893,107.32949079231587,Tablet,Direct
Product Page,3.9103440590396867,5.4332034822903825,11.417548336789524,393.8597377979608,Desktop,Organic Search
Checkout,3.039907620042892,74.86452341262,3.705407107666474,455.5338202741263,Tablet,Direct
Checkout,4.194966752487436,31.758679526111667,5.572861262300728,191.4137709854426,Mobile,Social Media
Home,1.6248145847148403,0.013469300448532007,4.3741960064716645,378.12667294314576,Mobile,Direct
Blog,5.671538118174434,51.11291392372298,3.656755597376342,449.5276917885614,Mobile,Direct
Cart,1.6085130723299341,4.6851908527603126,16.51421903121334,424.60086315981346,Tablet,Paid Ads
Product Page,8.203208570401255,27.616955782089946,5.714151353217806,99.5785603842207,Mobile,Social Media
Home,3.103408737193897,70.69764874557161,18.542475637288987,478.58302194154703,Mobile,Social Media
Home,5.860107231440596,6.268962162186586,19.398530506903818,194.57145581043662,Mobile,Social Media
Product Page,8.920711788053124,83.93384923560023,11.425209398741947,176.2279239751798,Desktop,Organic Search
Cart,6.8578963214247475,0.3819922658583108,2.860022453314528,40.591350366112366,Tablet,Paid Ads
Home,5.796620078962018,24.682386920190226,7.490964867591625,248.22509051139266,Tablet,Social Media
Home,3.9190037780383804,74.09040561520715,15.954645266964281,63.416671664055066,Tablet,Organic Search
Blog,3.9970172175237813,31.627014972930677,7.34781457394141,131.78451225443874,Desktop,Organic Search
Cart,7.025382596783711,10.189238806601352,1.740344366055775,165.3018846659679,Tablet,Organic Search
Home,9.947254250990508,36.02339188004279,11.135698218563759,406.32489851092515,Desktop,Paid Ads
Cart,6.9565527086444074,27.039328638452552,16.902417029920695,438.9894386939893,Desktop,Organic Search
Product Page,6.020050756330225,84.27119021605549,15.918527742870047,158.20849555612014,Tablet,Paid Ads
Checkout,7.575854592153215,31.334791758514314,3.5024628026070648,430.7620794098412,Mobile,Direct
Home,5.186850510553463,78.89324717760073,13.455292288249334,430.0431593111976,Mobile,Organic Search
Blog,1.541281083407067,89.18721448107347,4.410085268712942,384.67896568858805,Tablet,Social Media
Product Page,6.0606713429011885,43.381741957652956,4.364150691043445,81.88060586743896,Tablet,Organic Search
Cart,9.618627560548422,90.9943143854392,17.481435466103704,348.2581949813572,Desktop,Direct
Product Page,2.577726481218937,37.73180539631929,4.993379054804603,473.0617916444787,Tablet,Direct
Home,7.210044017385991,96.40784164901082,5.264946930360224,344.44483459590697,Desktop,Organic Search
Cart,2.8084031979315083,8.928952452557294,0.013067815225991097,172.49225606283863,Tablet,Direct
Checkout,5.822449160257731,68.70192665032427,17.413380682510354,255.28386554110733,Mobile,Paid Ads
Product Page,1.8700880468204766,49.38140404569287,15.851896264182695,326.4052712420163,Mobile,Paid Ads
Home,5.053338426323666,38.76488054556471,12.54657870181356,260.17950027696673,Tablet,Organic Search
Blog,7.805469960057215,63.27118787486009,15.005315278776845,68.77694144817522,Desktop,Paid Ads
Cart,4.128143718150839,70.38570916343312,3.040971348489836,162.9113818794901,Mobile,Paid Ads
Product Page,6.984205520384962,0.43632696503090873,9.16647189175151,403.17405497127993,Desktop,Social Media
Product Page,8.159049647107562,16.69530887471987,7.024387746975618,432.0948425868035,Tablet,Organic Search
Checkout,9.344600375315075,71.30460506343186,1.8755305251403298,77.27701603062941,Tablet,Direct
Checkout,3.111778736699082,66.63854135782064,9.722609704298481,476.6695086753751,Mobile,Organic Search
Blog,4.593843242283773,96.60475051286772,18.414793006852708,171.12308274581858,Tablet,Paid Ads
Blog,2.371744119973757,76.1037790250783,0.8011823810138896,334.5337319780528,Mobile,Social Media
Home,9.932351519425376,95.0772707731338,5.829218269875877,378.3943215187738,Desktop,Organic Search
Home,9.343008711318658,70.25405015348069,4.150818724114069,407.8536549725629,Mobile,Organic Search
Blog,5.859614172525037,29.805220863944314,4.762933073313926,473.41735409070577,Mobile,Paid Ads
Blog,8.578299649387791,10.536492225085647,18.168691037587507,163.33057853412308,Desktop,Paid Ads
Cart,5.6886217954483795,78.18238633449356,9.361381084685803,430.6681627302617,Mobile,Organic Search
Checkout,6.612271192024838,64.4149221475916,9.325988258796375,74.52658268374145,Mobile,Paid Ads
Home,1.8021198890441497,4.818601239329623,15.211512849105645,355.4700441132604,Tablet,Paid Ads
Checkout,7.797433784471272,36.005046590097834,3.089844080098516,373.5690874618531,Desktop,Paid Ads
Checkout,2.1494213527171135,95.67998154842861,9.745307082001016,342.08438818864704,Mobile,Paid Ads
Blog,8.434608672272756,50.04011457102012,8.599704282421195,133.63422070622497,Desktop,Paid Ads
Cart,8.038252789033473,43.272913601970465,11.938213810933123,437.7911420374496,Desktop,Social Media
Product Page,7.378702279686788,45.7699605159294,19.99115406500877,92.74064705149355,Mobile,Paid Ads
Cart,1.325443424722859,20.88827240051637,15.388977881640942,36.28104784520711,Tablet,Direct
Cart,3.7281552035079573,36.87071708647952,7.957314060348544,361.55784539983694,Desktop,Organic Search
Checkout,3.368013129197586,36.98132559871766,16.55106104548094,242.9831004640395,Mobile,Social Media
Cart,4.241227667243672,5.2355020187472405,3.4141672662496036,426.0580297797513,Desktop,Social Media
Home,1.7887847208745469,76.75676285179182,0.6092737261792025,197.8645991185469,Tablet,Paid Ads
Checkout,9.432620407279565,41.6504431903879,4.088967449285461,92.45650836877928,Tablet,Organic Search
Home,5.9842201664113865,82.21798868164232,6.808231122285193,419.85667431023614,Tablet,Direct
Product Page,3.749718795922212,85.03480011198954,10.211615149191198,278.9657195036351,Mobile,Paid Ads
Checkout,4.5728336536685505,21.199405469865805,12.302582810823996,102.7059382712739,Mobile,Organic Search
Product Page,5.024822864543521,65.73534821701286,18.212114344288434,362.98815930735844,Tablet,Paid Ads
Checkout,6.405349000245556,47.22818041629817,10.197080191009153,260.44568285985525,Mobile,Paid Ads
Blog,5.6411148492684795,88.0156737921485,10.025512892514588,306.1133612977567,Tablet,Paid Ads
Cart,9.274527758929755,21.57406791764541,1.0048601964596426,235.8401857212251,Mobile,Paid Ads
Blog,5.472671346152472,67.78132003100443,0.6982310531244762,416.0674020708231,Tablet,Paid Ads
Product Page,9.929422133409814,60.775212225272256,11.023199238327441,416.48573068469443,Desktop,Paid Ads
Cart,8.662824619705862,29.53014775718328,8.76357226496689,357.60052269394924,Tablet,Paid Ads
Checkout,2.8765946292160223,13.660090365117261,16.783607899605972,61.64667492426651,Tablet,Direct
Cart,9.375356931795245,65.16397604772766,3.2135916942369036,421.03839233299374,Mobile,Social Media
Home,2.0472975809692846,73.85974581323308,0.49943324234099196,338.7963604611258,Mobile,Direct
Cart,8.357047376420724,31.562734376335,8.980775358602518,351.54184134210675,Mobile,Paid Ads
Home,4.4256096412892205,64.48326040223138,4.74957113504515,187.8615917978971,Mobile,Paid Ads
Cart,8.901768884005627,39.51309076115032,0.992287466776749,440.8469825169333,Mobile,Direct
Home,8.812510210967053,71.32068832826177,14.49196573695258,365.43208411508016,Mobile,Direct
Product Page,8.253328601058591,19.92152748940531,2.2318599991449495,65.16932859930529,Desktop,Social Media
Blog,8.110273926763552,89.02150026361744,12.166390000155435,209.81123685901971,Tablet,Direct
Checkout,3.742112251882367,28.74095964655797,5.620995003337783,444.32637736046945,Tablet,Social Media
Cart,1.7282735474612696,36.77859877561529,3.4699210071004405,33.12638383171571,Tablet,Paid Ads
Blog,4.626821608886453,5.8091952080349785,7.595030458386349,481.09414362460427,Desktop,Organic Search
Checkout,2.561720634878578,11.15122123212764,16.028915524459073,342.78965847658577,Tablet,Organic Search
Checkout,7.254559800122156,51.58619027123281,7.841871538091453,319.37422904525454,Desktop,Organic Search
Home,4.11489753884007,26.75926767279715,15.015392984221114,142.57403567911578,Desktop,Organic Search
Product Page,9.780491807739233,83.54802257421944,2.5097259359830137,131.90797648219677,Desktop,Paid Ads
Product Page,6.768748696107988,1.4693388654953843,15.455428393301583,471.6085275494118,Tablet,Organic Search
Blog,8.40232507270925,37.90940486719362,4.738666498132973,156.15350257472014,Desktop,Direct
Product Page,2.192722054676636,33.73455467690927,13.547862597777456,389.9975953923097,Tablet,Direct
Cart,8.758130340453603,1.9327630917601035,11.315631096819928,202.6296811214688,Tablet,Organic Search
Product Page,9.30481471462055,12.436839900051023,18.582894344233747,78.23449468450495,Mobile,Direct
Blog,5.3835572693704234,41.36426749186353,7.74645035950628,15.250495870725885,Mobile,Social Media
Product Page,6.456276439758797,49.28645844474466,1.323303776688809,276.6860951374729,Desktop,Paid Ads
Cart,7.883288208126959,40.42897472548691,0.3831097110250581,488.131621088977,Desktop,Organic Search
Home,2.573547645343713,53.093767841209385,16.53717121945506,190.87673496651018,Tablet,Organic Search
Blog,5.523094688170982,59.51316749056815,10.494712753228644,185.02424365659198,Desktop,Paid Ads
Home,4.587967249950818,0.992382112783563,15.504881036698986,178.60489274622662,Desktop,Direct
Home,2.317365929460242,46.409515945350385,4.688512000230293,265.06648027938064,Tablet,Paid Ads
Home,4.307809800623783,96.34992408875883,6.901674910264674,225.92579287790383,Desktop,Paid Ads
Checkout,1.6135507844694421,51.90322801295487,0.6020774442263788,441.1581670962371,Desktop,Direct
Checkout,1.232307162545383,67.75422674589532,19.229846491482242,257.70518794451027,Tablet,Paid Ads
Home,2.2164966023934047,31.18638579168832,13.357358134016268,258.8013407123987,Tablet,Direct
Blog,9.668036004302564,77.39913781527625,18.664101755186124,77.80208141307273,Mobile,Direct
Cart,5.945765823055153,77.2921481876115,5.309928148581447,491.5423750460891,Tablet,Paid Ads
Cart,9.69239945037898,52.129604765413895,12.229272224513217,132.48671652572654,Mobile,Social Media
Product Page,4.892480904971188,97.60138232792136,13.569999365852755,45.94839305520531,Desktop,Direct
Blog,3.806345197767336,12.555021476265338,6.350994005151769,334.9416619978523,Tablet,Paid Ads
Checkout,5.555276765562197,1.6947664889580993,16.9621847003126,301.7295213768676,Tablet,Direct
Home,4.955605197696191,77.0158211757096,18.943229258004955,213.4213704564454,Tablet,Social Media
Product Page,1.9509821583556952,80.71555373648826,17.697102353920087,216.87419460153225,Desktop,Social Media
Cart,6.767436832211856,12.020722912057625,14.781339518787451,394.68132131275127,Mobile,Organic Search
Checkout,2.9443436425863965,26.55828329586061,5.549293594499081,105.89919364882805,Desktop,Direct
Checkout,6.576291594080466,1.755236336662891,5.632320842112635,411.924126282996,Desktop,Direct
Home,6.85180983158338,29.33086107805647,19.267206408920757,327.8860858085589,Tablet,Paid Ads
Cart,2.368223678157833,77.31418739186715,0.20568991871384057,215.29518915196695,Mobile,Direct
Blog,1.5521466439960134,51.79605277125789,14.32099946484289,234.4340221260956,Desktop,Organic Search
Checkout,8.026854274615959,34.80955931682881,14.124923251105244,135.75713152118692,Tablet,Social Media
Home,5.138203813923882,37.17392949063303,12.453790818995948,378.5360230215177,Desktop,Social Media
Blog,1.523474159549282,0.1353625715468154,19.802176921737317,261.3086237295812,Desktop,Organic Search
Cart,9.953796854527905,29.98005275652359,6.237588715274505,167.21872594742337,Tablet,Direct
Checkout,1.5200250489672997,64.64587416379305,6.799437275864964,302.06455672286563,Tablet,Direct
Blog,7.255317059726979,97.41944438163571,1.578788058931111,497.9098815051483,Mobile,Organic Search
Blog,9.853110327370722,84.70608269838995,8.855962730874749,223.27851703171137,Desktop,Paid Ads
Blog,3.1526209379433308,2.3594964645529126,5.220970524696962,461.1387863815236,Tablet,Social Media
Checkout,2.2802443181847654,89.85606046748393,6.867734043552884,179.0582515630374,Tablet,Organic Search
Checkout,2.09246445480186,78.3198413298626,16.691435805112555,36.819026393243085,Mobile,Organic Search
Product Page,3.72947632810836,78.03761235709804,18.709690270549913,110.07863212053014,Mobile,Direct
Cart,1.9094122990958202,45.79957590035715,3.7146614401037126,215.16062023056526,Tablet,Social Media
Home,7.229452075247187,39.80052929545028,7.450178631069317,117.62111501133882,Mobile,Direct
Blog,1.5606261831705641,30.29157288331926,18.572611242307882,10.111248726945213,Tablet,Organic Search
Product Page,5.584799153348108,6.569485895436578,1.2361692137844527,458.35075349628835,Desktop,Paid Ads
Home,9.970271684676792,22.82353634936991,1.8472105622275703,423.50091150315524,Mobile,Social Media
Product Page,8.325732425554168,24.66036349780246,3.2558197841245873,373.7231934286041,Desktop,Organic Search
Checkout,6.536974944079098,48.40770697102016,11.904256682537495,92.22915186655403,Desktop,Organic Search
Blog,3.756282587079505,74.7444406596694,3.0094454201199494,68.97815234289317,Desktop,Paid Ads
Home,6.6150625266247465,47.38098283979466,19.36152762901467,43.12632724146774,Tablet,Organic Search
Home,5.743373175204865,5.784444944716061,8.934290545170407,364.7743024987314,Desktop,Organic Search
Home,4.834750455013343,95.77898009882038,10.030359207003327,465.1159007370638,Desktop,Social Media
Home,2.1763933906617954,94.27243190941122,4.93317231610813,220.96255224738812,Desktop,Social Media
Home,8.9794379371642,78.51895431484084,9.41920504869467,68.3789292780636,Tablet,Social Media
Product Page,5.048061839391902,99.13279015642206,13.23827265274023,261.0724821587322,Desktop,Direct
Blog,2.7516026063868857,54.448233280026294,15.023542739080856,180.92763465472876,Desktop,Paid Ads
Checkout,4.309834157895606,96.27683502532061,15.07736165419826,193.66421293149887,Mobile,Social Media
Checkout,4.727167772760343,7.560504061675077,11.557822253881767,314.45200583629656,Tablet,Direct
Checkout,8.447841060101869,36.568074826137135,18.087195499877144,362.17187549847915,Desktop,Direct
Checkout,7.6025294250526185,22.538126800676583,16.348156946122188,64.1957634478488,Mobile,Paid Ads
Product Page,7.923744042772058,19.583308413427,15.140962293972509,27.43921309517343,Tablet,Paid Ads
Cart,1.099281379857825,14.08029488926761,1.1121104336092125,497.22184831600026,Tablet,Organic Search
Blog,4.745385983617854,62.241364156599666,0.13755924439298628,124.0368909686204,Tablet,Direct
Home,5.332097364717913,78.1321855747305,4.248945543909459,36.37695720514495,Tablet,Social Media
Cart,1.1727304914075103,57.82983994203607,13.270471878269046,103.03891125700079,Tablet,Paid Ads
Checkout,3.3383188787053077,14.696270958820968,8.223949777650915,29.08934471074747,Tablet,Direct
Cart,7.842608408099215,81.11237699334708,8.048125185986235,201.9873383624141,Desktop,Social Media
Blog,2.2339873515609914,63.59547071637285,17.691737764592276,403.1768743811489,Desktop,Direct
Home,5.817791183073325,38.81657061269955,17.911256962636774,177.2097803812831,Desktop,Paid Ads
Home,2.9368168481551375,67.4130295536063,18.183505281071714,227.6498693703996,Desktop,Organic Search
Blog,1.1090869717950396,25.990497924283286,6.277561530300546,341.037519048045,Mobile,Direct
Blog,3.1708131183958734,34.51922084942105,13.821116254785235,259.3580943342413,Desktop,Social Media
Checkout,9.782863794190485,91.74858431319902,5.432663625487393,432.10838615044884,Tablet,Paid Ads
Home,8.213834006946907,29.05045056714204,3.8121966614889957,434.3574807724207,Desktop,Organic Search
Cart,9.636189798889301,46.99882681579366,3.6926491469473843,14.856240790665286,Desktop,Social Media
Product Page,5.390686395337262,89.01411373960147,6.842152417271881,391.2426901767676,Tablet,Social Media
Product Page,1.9876257880975317,70.77213502675275,8.599152395596434,235.7594641184202,Desktop,Social Media
Blog,5.931635400763237,6.220322616470275,16.61898342110137,494.5318652387949,Desktop,Direct
Checkout,5.089396011039648,14.730304427897034,2.397821869454242,246.78371717896323,Desktop,Paid Ads
Product Page,8.599213744656543,0.7841590771916818,14.698516947897884,493.5790132402658,Mobile,Social Media
Home,1.8827432270582012,63.09217902291634,10.629098283786107,379.73898699081093,Desktop,Direct
Blog,5.394170233196004,44.767342541041835,5.75890685351985,131.8163934605201,Tablet,Paid Ads
Cart,2.3504379822458583,13.427485090227552,9.856391690656492,273.8135398506093,Tablet,Paid Ads
Blog,3.9220833420105397,95.79341210567705,5.9988413955404525,496.14646334450555,Desktop,Direct
Cart,7.636213696490197,52.96597239456199,11.92163910476612,430.1899977984426,Desktop,Direct
Blog,5.284163164318898,24.189329411288917,8.676878457104884,57.709777957698336,Desktop,Social Media
Blog,4.382994566311924,50.06035711547076,3.2881105815775746,356.12227843689806,Tablet,Paid Ads
Blog,4.550286507130318,67.96203327351078,2.3316614911139344,179.3339970766984,Tablet,Organic Search
Cart,5.13502091565388,7.623921797356448,10.933913641442603,13.421308321370578,Mobile,Direct
Cart,8.065148894533511,27.4703815047892,18.04826066572207,207.7056748232298,Mobile,Paid Ads
Blog,9.02876220046211,80.69654908839937,6.8791537311537105,125.02966664523593,Mobile,Paid Ads
Product Page,9.598012178535354,45.966487040266124,14.660002144452465,411.24594255503104,Tablet,Social Media
Checkout,8.082130476297657,54.65771420322949,13.173227098795339,175.2919983344251,Mobile,Organic Search
Checkout,3.8386620617321148,43.28160022094693,18.63109828618962,415.4866100373704,Desktop,Social Media
Checkout,7.193212354778879,4.389994264300512,16.419620345982818,10.292990029049701,Desktop,Organic Search
Cart,4.938428116498527,16.574977982015593,11.33210517810926,160.8313835127984,Tablet,Organic Search
Cart,3.2920355984144605,44.554163874189086,13.140609964682145,128.17095501080337,Mobile,Direct
Product Page,8.567844214833304,20.918546540792782,17.967729331680697,124.44800692361937,Desktop,Paid Ads
Checkout,1.345837140660925,4.997902865967873,7.990375691738696,43.41144368507672,Tablet,Paid Ads
Checkout,9.115857929218812,84.36496640518237,6.535894117155547,101.69089250114584,Mobile,Paid Ads
Blog,5.153297181622607,98.11925291641158,0.21622167270392678,282.21928924395377,Desktop,Organic Search
Cart,6.7348132912745236,79.31428739967394,16.531021483829285,152.7669256904948,Mobile,Paid Ads
Checkout,6.934185299852045,85.3784921704667,16.019614008067297,214.5234433412825,Tablet,Direct
Product Page,9.056059666358827,24.197713031704538,2.0890903620030277,194.66477137012237,Mobile,Organic Search
Product Page,6.730027139504866,96.06269755131997,11.537147622654004,439.1934132499483,Tablet,Organic Search
Checkout,6.525402262840556,19.692570445342838,9.279633963337748,453.5965095151526,Mobile,Organic Search
Cart,1.5998683650462096,95.14298103618323,2.3741819101822292,251.54891611137143,Desktop,Organic Search
Product Page,5.6656721975068365,99.4819293965951,19.61136454121447,171.77641565464617,Tablet,Direct
Blog,2.3515210073533748,71.17228057460487,4.293917749267109,62.33234496115818,Tablet,Paid Ads
Product Page,7.6369039184933705,98.1143731791822,1.344683601811223,477.16741089722655,Tablet,Direct
Home,5.60999728731407,56.95397795671037,11.896947590038192,39.51120300114575,Mobile,Paid Ads
Home,7.12205001287518,25.954178317609035,14.777333542660653,155.84863600845742,Mobile,Direct
Cart,1.3750561054214585,43.699588566562085,0.6488689209437393,156.05243857330203,Desktop,Social Media
Checkout,1.7631281444122289,59.35609353787859,13.174352774540443,166.9966302087053,Tablet,Social Media
